<?xml version="1.0" encoding="utf-8" standalone="no"?>
	<!--
		this file is built by arct
	-->
<resources xmlns:xliff="urn:oasis:names:tc:xliff:document:1.2">
  <string-array name="baidu" translatable="false">
    <item>百度</item>
    <item>https://www.baidu.com/s?wd={searchTerms}</item>
    <item>UTF-8</item>
    <item/>
  </string-array>

  <string-array name="search_360" translatable="false">
    <item>360搜索</item>
    <item>https://www.so.com/s?q={searchTerms}</item>
    <item>UTF-8</item>
    <item/>
  </string-array>

  <string-array name="sougou" translatable="false">
    <item>搜狗</item>
    <item>https://www.sogou.com/web?query={searchTerms}</item>
    <item>UTF-8</item>
    <item/>
  </string-array>

  <string-array name="shenma" translatable="false">
    <item>神马</item>
    <item>http://m.sm.cn/s?q={searchTerms}&amp;from=smor</item>
    <item>UTF-8</item>
    <item/>
  </string-array>

  <string-array name="yahoo_cn" translatable="false">
    <item>中国雅虎</item>
    <item>http://search.cn.yahoo.com/search?ei={inputEncoding}&amp;fr=crmas&amp;p={searchTerms}</item>
    <item>UTF-8</item>
    <item/>
  </string-array>
  <string-array name="bing_zh_CN" translatable="false">
    <item>必应</item>
    <item>http://www.bing.com/search?setmkt=zh-CN&amp;q={searchTerms}</item>
    <item>UTF-8</item>
    <item>http://api.bing.com/osjson.aspx?query={searchTerms}&amp;language={language}</item>
  </string-array>
  <string-array name="google" translatable="false">
    <item>Google</item>
    <item>https://www.google.com/search?ie={inputEncoding}&amp;source=android-browser&amp;q={searchTerms}</item>
    <item>UTF-8</item>
    <item>https://www.google.com/complete/search?client=android&amp;q={searchTerms}</item>
  </string-array>
  <string-array name="yahoo" translatable="false">
    <item>Yahoo!</item>
    <item>http://search.yahoo.com/search?ei={inputEncoding}&amp;p={searchTerms}</item>
    <item>UTF-8</item>
    <item>http://search.yahoo.com/gossip?output=fxjson&amp;command={searchTerms}</item>
  </string-array>
  <string-array name="bing" translatable="false">
    <item>Bing</item>
    <item>http://www.bing.com/search?q={searchTerms}</item>
    <item>UTF-8</item>
    <item>http://api.bing.com/osjson.aspx?query={searchTerms}&amp;language={language}</item>
  </string-array>

  <string-array name="yandex" translatable="false">
    <item>Yandex</item>
    <item>http://yandex.ru/yandsearch?text={searchTerms}</item>
    <item>UTF-8</item>
    <item>http://suggest.yandex.net/suggest-ff.cgi?part={searchTerms}</item>
  </string-array>

</resources>