<?xml version="1.0" encoding="utf-8"?>
<!-- Copyright (C) 2017 Tcl Corporation Limited
/* //device/apps/common/assets/res/any/http_authentication_colors.xml
**
** Copyright 2006, The Android Open Source Project
**
** Licensed under the Apache License, Version 2.0 (the "License");
** you may not use this file except in compliance with the License.
** You may obtain a copy of the License at
**
**     http://www.apache.org/licenses/LICENSE-2.0
**
** Unless required by applicable law or agreed to in writing, software
** distributed under the License is distributed on an "AS IS" BASIS,
** WITHOUT WARRANTIES OR CONDITIONS OF ANY KIND, either express or implied.
** See the License for the specific language governing permissions and
** limitations under the License.
*/
--><!-- FIXME: Change the name of this file!  It is now being used generically
    for the browser -->
<resources>
    <color name="white">#ffffffff</color>
    <color name="black">#ff000000</color>
    <color name="activity_background">#fafafa</color>
    <color name="transparent">#00000000</color>
    <color name="white_30">#4dffffff</color>
    <color name="bookmarkWidgetFaviconBackground">#23ffffff</color>
    <color name="bookmarkListFaviconBackground">#23ffffff</color>
    <color name="tabFaviconBackground">#FF555555</color>
    <color name="tabFocusHighlight">#FF99CC00</color>
    <color name="qcMenuBackground">#C0000000</color>
    <color name="qc_normal">#E02A96BC</color>
    <color name="qc_selected">#E0FF8800</color>
    <color name="qc_sub">#F01A5B73</color>
    <color name="qc_tab_nr">#F033B5E5</color>

    <color name="bookmark_label_TextColor">#7D7D7D</color>
    <color name="bookmark_edit_TextColor">#313131</color>
    <color name="bookmark_devider">#E8E8E8</color>
    <color name="actionbar_background">#4C5765</color>

    <color name="qrcode_paint_mask">#60000000</color>
    <color name="qrcode_paint_result">#00bcd4</color>
    <color name="web_icon_background1">#4054b2</color>
    <color name="web_icon_background2">#50ae55</color>
    <color name="web_icon_background3">#f1453d</color>
    <color name="web_icon_background4">#fd9727</color>
    <color name="web_icon_background5">#617d8a</color>
    <color name="web_icon_background6">#1fbcd2</color>
    <color name="web_icon_background7">#159588</color>
    <color name="web_icon_background8">#673fb4</color>

    <!-- 选择图片变暗色-->
    <color name="grid_common_text_color">#89000000</color>
    <color name="setting_background">#fafafa</color>
    <color name="commonurl_select_all_background">#fafafa</color>


    <color name="history_markbook_color">#7d7d7d</color>
    <color name="common_url_select_all_color">#7d7d7d</color>

    <color name="bookmark_select_color">#4d00BCD4</color>
    <color name="bookmark_divider_color">#E8E8E8</color>
    <color name="item_text_color">#A0A0A0</color>

    <color name="btmbar_btn_text_color">#00bcd4</color>

    <color name="parent_view_general_background">#313131</color>
    <color name="bookmark_pop_text_color">#7D7D7D</color>
    <color name="snap_item_backgroud">#FAFAFA</color>

    <color name="history_item_title">#313131</color>
    <color name="history_item_url">#A0A0A0</color>
    <color name="history_item_line">#E8E8E8</color>

    <color name="history_clear_all_text_color">#7D7D7D</color>

    <color name="settings_item_title_normal_color">#000000</color>
    <color name="settings_item_title_disabled_color">#66000000</color>
    <color name="settings_item_summary_normal_color">#7D7D7D</color>
    <color name="settings_item_summary_disabled_color">#667D7D7D</color>
    <color name="settings_list_divider">#e8e8e8</color>
    <color name="settings_actionbar_background">#ffffff</color>
    <color name="settings_text_enabled">#288dde</color>

    <color name="common_menu_item_pressed_color">#EEEEEE</color>
    <color name="common_menu_item_pressed_color_incognito">#3DEEEEEE</color>

    <color name="switch_thumb_p">#3A98ED</color>
    <color name="switch_thumb_n">#F7F7F8</color>
    <color name="switch_thumb_shadow_start">#F7F7F8</color>
    <color name="switch_thumb_shadow_end">#cccccc</color>
    <color name="switch_track_p">#BBD5F8</color>
    <color name="switch_track_n">#cccccc</color>

    <color name="rounded_progressbar_gray">#999999</color>
    <color name="rounded_progressbar_white">#FFFFFF</color>

    <color name="find_pop_text_color">#61000000</color>
    <color name="toolbar_background_color">#F7F7F8</color>
    <color name="toolbar_incognito_background_color">#FF2B2B2B</color>

    <color name="toolbar_page_number_color">#8A000000</color>
    <color name="bottom_menu_text_color">#8A000000</color>
    <color name="bottom_menu_disabled_text_color">#33000000</color>
    <color name="pop_divider_line_color">#FFD7D7D7</color>

    <color name="dialog_title_text_color">#DE000000</color>
    <color name="dialog_content_text_color">#8A000000</color>
    <color name="dialog_button_color">#539FEA</color>
    <color name="dialog_button_color_enabled_false">#A0A0A0</color>
    <color name="browser_info_empty">#61000000</color>
    <color name="browser_info_item_title">#DE000000</color>
    <color name="browser_info_item_url">#89000000</color>
    <color name="light_gray">#DCDCDC</color>

    <color name="file_picker_select_location_color">#DE4FA3FE</color>
    <color name="file_picker_item_title_color">#DE000000</color>
    <color name="file_picker_item_desc_color">#8A000000</color>
    <color name="file_picker_recyclerview_divider">#FFD8D8D8</color>
    <color name="browser_search_engine_line">#FFD8D8D8</color>
    <color name="browser_info_color">#00000000</color>
    <color name="flow_layout_abord_color">#33000000</color>
    <color name="indicator_text_select">#FF000000</color>

    <color name="add_book_mark_save">#FF4FA3FE</color>
    <color name="add_book_mark_line">#FFCACACA</color>

    <color name="nav_screen_tabbar_normal_background">#FF494A6B</color>
    <color name="nav_screen_tabbar_incognito_background">#1A8A8A8A</color>

    <color name="sliding_tab_indicator_color">#FF5CA4F9</color>
    <color name="pop_item_press_color">#FFEEEEEE</color>

    <color name="video_title_bar_background">#000000</color>

    <!--首页文字大小修改-->
    <color name="progress_text_size_background">#8A000000</color>
    <color name="progress_text_size_seekbar_background">#8A000000</color>
    <color name="progress_text_size_seekbar_thumb_stroke_n">#00000000</color>
    <color name="progress_text_size_seekbar_thumb_stroke_p">#99ffffff</color>
    <color name="weather_unit_checked">#FFFFFF</color>
    <color name="weather_unit_uncheck">#81FFFFFF</color>
    <color name="url_search_background">#70000000</color>
    <color name="url_search_incognito">#393939</color>
    <color name="incognito_search_engine_line">#33D7D7D7</color>
    <color name="incognito_search_view_background">#1f1f1f</color>

    <color name="incognito_search_hint_color">#61FFFFFF</color>
    <color name="normal_text_color">#8A000000</color>

    <!--<color name="status_bar_homepage">#30A1FA</color>-->
    <color name="status_bar_homepage">#ffffff</color>

    <color name="status_bar_homepage_incognito">#DE000000</color>
    <color name="status_bar_homepage_nav">#FF18183D</color>
    <color name="nav_tab_title_incognito_bg">#000000</color>
    <color name="nav_tab_view_incognito_bg">#232323</color>

    <color name="common_menu_bg">#3D000000</color>
    <color name="common_menu_bg_incognito">#23282D</color>
    <color name="longclick_menu_divider_bg">#21ffffff</color>
    <color name="common_menu_shadow_bg">#96000000</color>
    <color name="clear_default_browser_black">#DF000000</color>
    <color name="clear_default_browser_gray">#8A000000</color>

    <color name="context_menu_layout_bg">#e5000000</color>
    <color name="black_10_color">#19000000</color>
    <color name="black_26_color">#42000000</color>
    <color name="black_30_color">#76000000</color>

    <color name="count_limit_toast_color_1">#aaa</color>
    <color name="count_limit_toast_color_2">#f00</color>

    <color name="download_toast_bg">#DE333333</color>
    <color name="download_toast_button_color">#5DA7FD</color>

    <color name="default_browser_label_line_color">#A2A2A2</color>
    <color name="default_browser_label_text_color">#DE000000</color>
    <color name="search_title_bar_color">#F7F7F8</color>
    <color name="input_url_color">#de000000</color>
    <color name="url_search_color_hint">#5e000000</color>
    <color name="pull_view_bg">#539FEA</color>
    <color name="primary_black_45">#73000000</color>
    <color name="item_divider_bg">#FFF6F7F8</color>
    <color name="primary_white">#FFffffff</color>
    <color name="primary_black">#FF212121</color>
    <color name="text_primary_black_45">#73000000</color>
    <color name="transfer_black_percent_70">#A3000000</color>
    <color name="text_highlight">#FF539FEA</color>
    <color name="rgb_000000">#000000</color>
    <color name="safe_tip_dialog_btn_color">#4FA2FE</color>
    <color name="safe_tip_dialog_btn_pre_color">#c04FA2FE</color>
    <color name="black55">#8c000000</color>
    <color name="black30">#4c000000</color>
    <color name="white90">#E6FFFFFF</color>
    <color name="black75">#c0000000</color>
    <color name="bottom_menu_incognito_disabled_text_color">#FF454C52</color>
    <color name="bottom_menu_incognito_text_color">#FF848E9D</color>
    <color name="feed_back_type_text_color">#FF222222</color>
    <color name="bg_card_view">#FFF0F0F0</color>
    <color name="tool_bar_menu_divier">#ebebeb</color>
    <color name="tool_bar_menu_incognito_divier">#1E2025</color>
    <color name="tool_bar_incognito">#23282c</color>
    <color name="bg_guide_pop">#99000000</color>
    <color name="bg_head">#ffF6F7FA</color>
    <color name="feedback_contact_us_color">#3599F5</color>
    <color name="divider_add_rec_url">#FFF5F5F5</color>
    <color name="indicator_add_rec">#FF404040</color>
    <color name="add_rec_default">#FF7A7A7A</color>
    <color name="add_dialog_list_divider">#8A000000</color>
    <color name="dialog_list_item_ser">#26000000</color>
    <color name="battery_main_title_color">#3599F5</color>

    <color name="boostengine_main_top_color">#3599F5</color>
    <color name="boostengine_rocket_bg_90">#3599F5</color>
    <color name="boostengine_white_color_50">#7fffffff</color>
    <color name="boostengine_rocket_line_color">#ccffffff</color>

    <color name="color_notification_hint_text">#808080</color>
    <color name="result_boost_list_bg">#f0f0f0</color>
    <color name="result_main_title_color">#3599F5</color>
    <color name="result_white_54">#89ffffff</color>
    <color name="data_saving_black_2">#222222</color>
    <color name="data_saving_black_4">#444444</color>
    <color name="data_saving_blue">#22A8F1</color>
    <color name="data_saving_gray">#B3B3B3</color>
    <color name="data_saving_incognito_bg">#373B40</color>
    <color name="data_saving_incognito_text">#CCCCCC</color>

    <color name="white_15">#26000000</color>
    <color name="white_75">#bfffffff</color>
    <color name="transparent75">#bf000000</color>
    <color name="white_50">#80ffffff</color>
    <color name="boost_bg">#F5F5F5</color>
    <color name="black_60">#99000000</color>
    <color name="bg_boost_data_save">#124374</color>

</resources>
