<?xml version="1.0" encoding="utf-8"?>
<!-- Copyright (C) 2017 Tcl Corporation Limited -->
<!--
    Copyright (C) 2010 The Android Open Source Project Licensed under the
    Apache License, Version 2.0 (the "License"); you may not use this file
    except in compliance with the License. You may obtain a copy of the
    License at http://www.apache.org/licenses/LICENSE-2.0 Unless required by
    applicable law or agreed to in writing, software distributed under the
    License is distributed on an "AS IS" BASIS, WITHOUT WARRANTIES OR
    CONDITIONS OF ANY KIND, either express or implied. See the License for
    the specific language governing permissions and limitations under the
    License.
-->
<resources>
    <!-- main interface -->
    <dimen name="item_image_width">24dp</dimen>
    <dimen name="main_activity_foot_font_size">14sp</dimen>
    <dimen name="grid_history_url_top">10dp</dimen>
    <dimen name="grid_recommond_item_padding">16dp</dimen>
    <dimen name="grid_recommond_item_padding_bottom">10dp</dimen>
    <dimen name="grid_recommond_item_padding_top">20dp</dimen>
    <dimen name="grid_common_text_size">10sp</dimen>

    <dimen name="activity_horizontal_margin">16dp</dimen>
    <dimen name="tab_button_width">48dp</dimen>
    <dimen name="tab_button_horizontal_margin">4dp</dimen>
    <dimen name="toast_left_margin">24dp</dimen>

    <dimen name="feedback_view_edit_height">209dp</dimen>
    <dimen name="find_pop_view_height">56dp</dimen>
    <dimen name="recommend_url_height">146dp</dimen>
    <dimen name="main_uncard_height">112dp</dimen>
    <dimen name="search_card_view_padding">20dp</dimen>
    <dimen name="search_card_view_padding_bottom">12dp</dimen>
    <dimen name="news_header_title_height">56dip</dimen>
    <dimen name="news_header_title_init_offset">-56dip</dimen>
    <dimen name="news_header_pager_offset">-56dip</dimen>
    <dimen name="news_tabs_height">0dip</dimen>
</resources>
