<?xml version="1.0" encoding="utf-8" standalone="no"?>
	<!--
		this file is built by arct
	-->
<resources xmlns:xliff="urn:oasis:names:tc:xliff:document:1.2">

    <!--SWE TODO: localize this for all languages -->


    <!-- Add for Wap2Estore Feature -->

    <!--Strings for auto update notification feature -->
    <!--String for the download default path -->


    <!--&lt;!&ndash; Initial value in Location field in Bookmark dialog box &ndash;&gt;-->
    <string name="http">http://</string>

    <!-- Do not translate. Actual encoding values. Must be valid text encodings understandable from WebKit. -->
    <string-array name="pref_default_text_encoding_values" translatable="false">
        <item>Latin-1</item>
        <item>UTF-8</item>
        <item>GBK</item>
        <item>Big5</item>
        <item>ISO-2022-JP</item>
        <item>SHIFT_JIS</item>
        <item>EUC-JP</item>
        <item>EUC-KR</item>
    </string-array>
    <string name="pref_default_text_encoding_default" translatable="false">Latin-1</string>

    <string-array name="pref_clear_data_values">
        <item>privacy_clear_cache</item>
        <item>privacy_clear_cookies</item>
        <item>privacy_clear_form_data</item>
        <item>privacy_clear_history</item>
        <item>privacy_clear_geolocation_access</item>
    </string-array>

    <!--Do not translate -->
    <string-array name="pref_user_agent_value">
        <item>0</item>
        <item>1</item>
        <item>2</item>
        <item>3</item>
    </string-array>

    <string-array name="pref_homepage_values" translatable="false">
        <item>default</item>
        <item>native</item>
        <item>other</item>
    </string-array>

    <!--&lt;!&ndash; Qr code resource field &ndash;&gt;-->
    <string name="qr_code">QRCodeActivity</string>
    <string name="pref_version_summary">%s</string>
    <string name="contact_google">https://plus.google.com/u/1/communities/116473561383982061062</string>
    <string name="contact_twitter">https://twitter.com/TurboBrowser_</string>
    <string name="contact_facebook">https://www.facebook.com/TheTurboBrowser/</string>
    <string name="contact_instagram">https://www.instagram.com/hibrowserbest/</string>
    <string name="weather_unit_f">℉</string>
    <string name="weather_unit_c">℃</string>
    <string-array name="exit_dialog_value">
        <item>clear_history_cache_exiting</item>
        <item>confirm_on_exit</item>
    </string-array>

    <!-- alcatel  -->
    <string name="recommend_alcatel_title">Alcatel</string>
    <string name="recommend_alcatel_weight">-1</string>
    <string name="recommend_alcatel_imgres">ic_browser_recommend_alcatel</string>
    <string name="recommend_alcatel_url">http://www.alcatel-mobile.com/</string>

    <!-- portal  -->
    <string name="recommend_portal_imgres">ic_browser_recommend_portal</string>
    <string name="recommend_portal_url">http://portal.fly2tech.com</string>
    <string name="google_url">https://www.google.com</string>
    <string name="format_bookmark_title_time">yyyy-MM</string>
    <string name="ru_downloaded">Файл «%1$s» уже загружен.</string>

    <string name="app_name">HawkDemo</string>
    <string name="app_key">d3703f9b0c1247f7a1b371bec1cc77e6</string>
    <string name="banner_ad_unitid">c7c9d1e38da64b66bc14f6bb45ba6fea</string>
    <string name="intersitial_ad_unitid">153c4f79be3b477d90895ca34347f036</string>
    <string name="native_ad_unitid">b272a67451d74d69908730584214b192</string>
    <string name="reward_ad_unitid">87aad4237b674f53bccc9f4d140e50e5</string>
    <string name="other_transition_name">transition_reveal</string>

</resources>