<?xml version="1.0" encoding="utf-8"?><!-- Copyright (C) 2010 The Android Open Source Project

     Licensed under the Apache License, Version 2.0 (the "License");
     you may not use this file except in compliance with the License.
     You may obtain a copy of the License at

          http://www.apache.org/licenses/LICENSE-2.0

     Unless required by applicable law or agreed to in writing, software
     distributed under the License is distributed on an "AS IS" BASIS,
     WITHOUT WARRANTIES OR CONDITIONS OF ANY KIND, either express or implied.
     See the License for the specific language governing permissions and
     limitations under the License.
--><!--
****
**** THIS FILE WAS GENERATED BY tools/get_search_engines.py
****

Each value in the string-array is the name of a value in all_search_engines.xml
-->
<resources xmlns:xliff="urn:oasis:names:tc:xliff:document:1.2">
    <string-array name="search_engines" translatable="false">
        <item>google</item>
        <item>bing</item>
        <item>yahoo</item>
        <item>yandex</item>
    </string-array>
    <string-array name="search_engines_for_china" translatable="false">
        <item>baidu</item>
        <item>search_360</item>
        <item>sougou</item>
        <item>shenma</item>
        <item>bing_zh_CN</item>
    </string-array>
    <string name="default_search_engine_value">google</string>
</resources>
