<?xml version="1.0" encoding="utf-8"?>
<!-- Copyright (C) 2017 Tcl Corporation Limited -->
<!-- Copyright (C) 2011 The Android Open Source Project

     Licensed under the Apache License, Version 2.0 (the "License");
     you may not use this file except in compliance with the License.
     You may obtain a copy of the License at

          http://www.apache.org/licenses/LICENSE-2.0

     Unless required by applicable law or agreed to in writing, software
     distributed under the License is distributed on an "AS IS" BASIS,
     WITHOUT WARRANTIES OR CONDITIONS OF ANY KIND, either express or implied.
     See the License for the specific language governing permissions and
     limitations under the License.
-->

<resources>
    <!-- IDs for BookmarkExpandableGridView -->
    <item type="id" name="group_position" />
    <item type="id" name="child_position" />
    <item type="id" name="child_id" />
    <item type="id" name="tab_view" />
    <item type="id" name="position" />
    <item type="id" name="load_object" />

    <!-- 扫描二维码的所用的Id -->
    <item type="id" name="auto_focus"/>
    <item type="id" name="decode"/>
    <item type="id" name="decode_failed"/>
    <item type="id" name="decode_succeeded"/>
    <item type="id" name="encode_failed"/>
    <item type="id" name="encode_succeeded"/>
    <item type="id" name="launch_product_query"/>
    <item type="id" name="quit"/>
    <item type="id" name="restart_preview"/>
    <item type="id" name="return_scan_result"/>
    <item type="id" name="search_book_contents_failed"/>
    <item type="id" name="search_book_contents_succeeded"/>
    <item type="id" name="gridview" />
    <item type="id" name="webview" />
    <item type="id" name="menu_item_enter_anim_id" />

    <!-- swipe -->
    <item name="swipe_target" type="id" />
    <item name="swipe_refresh_header" type="id" />
    <item name="swipe_load_more_footer" type="id" />

    <item name="status_bar_id" type="id" />
    <item name="nav_bar_id" type="id" />


    <item name="download_context_menu_id" type="id" />
    <item name="view_image_context_menu_id" type="id" />
    <item name="set_wallpaper_context_menu_id" type="id" />
    <item name="share_link_context_menu_id" type="id" />
    <item name="dial_context_menu_id" type="id" />
    <item name="add_contact_context_menu_id" type="id" />
    <item name="copy_phone_context_menu_id" type="id" />
    <item name="email_context_menu_id" type="id" />
    <item name="copy_mail_context_menu_id" type="id" />
    <item name="map_context_menu_id" type="id" />
    <item name="copy_geo_context_menu_id" type="id" />
    <item name="open_context_menu_id" type="id" />
    <item name="open_newtab_context_menu_id" type="id" />
    <item name="save_link_context_menu_id" type="id" />
    <item name="copy_link_context_menu_id" type="id" />
    <item name="select_text_menu_id" type="id" />

    <item name="behavior_headview_layout" type="id"></item>
    <item name="game_postion" type="id"></item>
    <item name="site_position" type="id"></item>
</resources>
