<!-- Copyright (C) 2017 Tcl Corporation Limited -->
<resources xmlns:xliff="urn:oasis:names:tc:xliff:document:1.2">
    <bool name="def_browser_show_exit_dialog">true</bool>

    <string name="def_browser_homepage_base" translatable="false"></string>
    <string name="def_browser_homepage_att" translatable="false">http://fun.att.mx</string>
    <string name="def_browser_homepage_unefon" translatable="false">http://unefon.com.mx</string>
    <string name="def_browser_useragent">Mozilla/5.0 (Linux; Android BUILD_VERSION; LANGUAGE-country; BUILD_MODEL Build/BUILD_ID) AppleWebKit/537.36 (KHTML, like Gecko) Version/4.0</string>
    <string name="def_ua_language_is_customized">"0"</string>
    <string name="def_ua_language_country_group">"en=en-us;es=es-us;fr=es-mx;pt=pt-br;fr-fr=es-mx"</string>
    <bool name="def_show_useragentSwVersion_on">false</bool>
    <string name="def_uaProfUrl_forBrowser" ></string>

    <bool name="def_enable_location_on">true</bool>
    <string name="def_browser_searchEngine">Default</string>

    <string name="def_browser_bookmark1_name">Alcatel</string>
    <string name="def_browser_bookmark1_url">http://www.alcatelonetouch.com/</string>
    <string name="def_browser_bookmark1_value">1</string>
    <string name="def_browser_bookmark1_favicon"></string>

    <string name="def_browser_bookmark2_name">My Onetouch</string>
    <string name="def_browser_bookmark2_url">http://3g.my-onetouch.com/</string>
    <string name="def_browser_bookmark2_value">0</string>
    <string name="def_browser_bookmark2_favicon"></string>

    <string name="def_browser_bookmark3_name" />
    <string name="def_browser_bookmark3_url" />
    <string name="def_browser_bookmark3_value">0</string>
    <string name="def_browser_bookmark3_favicon"></string>

    <string name="def_browser_bookmark4_name" />
    <string name="def_browser_bookmark4_url" />
    <string name="def_browser_bookmark4_value">0</string>
    <string name="def_browser_bookmark4_favicon"></string>

    <string name="def_browser_bookmark5_name" />
    <string name="def_browser_bookmark5_url" />
    <string name="def_browser_bookmark5_value">0</string>
    <string name="def_browser_bookmark5_favicon"></string>

    <string name="def_browser_bookmark6_name" />
    <string name="def_browser_bookmark6_url" />
    <string name="def_browser_bookmark6_value">0</string>
    <string name="def_browser_bookmark6_favicon"></string>

    <string name="def_browser_bookmark7_name" />
    <string name="def_browser_bookmark7_url" />
    <string name="def_browser_bookmark7_value">0</string>
    <string name="def_browser_bookmark7_favicon"></string>

    <string name="def_browser_bookmark8_name" />
    <string name="def_browser_bookmark8_url" />
    <string name="def_browser_bookmark8_value">0</string>
    <string name="def_browser_bookmark8_favicon"></string>

    <string name="def_browser_bookmark9_name" />
    <string name="def_browser_bookmark9_url" />
    <string name="def_browser_bookmark9_value">0</string>
    <string name="def_browser_bookmark9_favicon"></string>

    <string name="def_browser_bookmark10_name" />
    <string name="def_browser_bookmark10_url" />
    <string name="def_browser_bookmark10_value">0</string>
    <string name="def_browser_bookmark10_favicon"></string>

    <string name="def_browser_bookmark11_name" />
    <string name="def_browser_bookmark11_url" />
    <string name="def_browser_bookmark11_value">0</string>
    <string name="def_browser_bookmark11_favicon"></string>

    <string name="def_browser_bookmark12_name" />
    <string name="def_browser_bookmark12_url" />
    <string name="def_browser_bookmark12_value">0</string>
    <string name="def_browser_bookmark12_favicon"></string>

    <string name="def_browser_bookmark13_name" />
    <string name="def_browser_bookmark13_url" />
    <string name="def_browser_bookmark13_value">0</string>
    <string name="def_browser_bookmark13_favicon"></string>

    <string name="def_browser_bookmark14_name" />
    <string name="def_browser_bookmark14_url" />
    <string name="def_browser_bookmark14_value">0</string>
    <string name="def_browser_bookmark14_favicon"></string>

    <string name="def_browser_bookmark15_name" />
    <string name="def_browser_bookmark15_url" />
    <string name="def_browser_bookmark15_value">0</string>
    <string name="def_browser_bookmark15_favicon"></string>

    <string name="def_browser_bookmark16_name" />
    <string name="def_browser_bookmark16_url" />
    <string name="def_browser_bookmark16_value">0</string>
    <string name="def_browser_bookmark16_favicon"></string>

    <string name="def_browser_bookmark17_name" />
    <string name="def_browser_bookmark17_url" />
    <string name="def_browser_bookmark17_value">0</string>
    <string name="def_browser_bookmark17_favicon"></string>

    <string name="def_browser_bookmark18_name" />
    <string name="def_browser_bookmark18_url" />
    <string name="def_browser_bookmark18_value">0</string>
    <string name="def_browser_bookmark18_favicon"></string>

    <string name="def_browser_bookmark19_name" />
    <string name="def_browser_bookmark19_url" />
    <string name="def_browser_bookmark19_value">0</string>
    <string name="def_browser_bookmark19_favicon"></string>

    <string name="def_browser_bookmark20_name" />
    <string name="def_browser_bookmark20_url" />
    <string name="def_browser_bookmark20_value">0</string>
    <string name="def_browser_bookmark20_favicon"></string>

    <bool name="feature_browser_bookmarkeditable_on">true</bool>
    <bool name="def_browser_searchEngine_display">true</bool>
    <bool name="def_browser_ua_appVersion_on">true</bool>
    <bool name="def_browser_restore_tabs_on">false</bool>
    <bool name="def_browser_self_update_on">false</bool>
    <bool name="feature_browser_bookmarke_share_on">false</bool>

    <string name="def_gid_browser_home_base_url_te">"84$http://www.telusmobility.com"</string>
    <string name="def_gid_browser_home_base_url_ko">"75$http://www.google.ca"</string>
    <string name="def_gid_browser_home_base_url_pc">"80$http://www.pcmobile.ca"</string>
    <string name="def_gid_browser_home_base_url_pu">"77$http://www.publicmobile.ca"</string>
    <string name="def_gid_browser_home_base_url_be">"61$http://mobilebrowser.bwanet.ca/hpr/"</string>
    <string name="def_gid_browser_home_base_url_vi">"62$http://mobilebrowser.bwanet.ca/hpr/"</string>
    <string name="def_gid_browser_home_base_url_so">"63$http://mobilebrowser.bwanet.ca/hpr/"</string>
    <string name="def_gid_browser_home_base_url_ps">"64$http://mobilebrowser.bwanet.ca/hpr/"</string>
    <string name="def_gid_browser_home_base_url_fm">"77$https://www.myfamilymobile.com"</string>

    <bool name="def_set_att_or_unefon_homepage_by_mcc_and_icc">false</bool>

</resources>
