<?xml version="1.0" encoding="utf-8" standalone="no"?>    <!--
		this file is built by arct
	-->
<resources xmlns:xliff="urn:oasis:names:tc:xliff:document:1.2">

	<!--Not Required Translation-->
	<string name="channel">00000000</string>

	<!-- The name of the application. -->
	<string name="application_name">"Browser"</string>
	<!--&lt;!&ndash; Toast to show the user after they try to open the file picker but no apps on the-->
	<!--system can provide a file [CHAR-LIMIT=NONE]&ndash;&gt;-->
	<string name="uploads_disabled">"File uploads are disabled."</string>
	<!--&lt;!&ndash; Name of menu item of a new tab.  Also used in the title bar when displaying a new tab &ndash;&gt;-->
	<string name="new_tab">"New tab"</string>
	<!--&lt;!&ndash; Name of menu item of a new incognito tab.  Also used in the-->
	<!--title bar when displaying a new tab [CHAR LIMIT=30] &ndash;&gt;-->
	<string name="new_incognito_tab">"New incognito tab"</string>
	<!--&lt;!&ndash; Name of tab containing the user's saved pages, organized by time created [CHAR LIMIT=20] &ndash;&gt;-->
	<string name="tab_snapshots">"Saved pages"</string>
	<!--&lt;!&ndash; Toast shown when a history item's star is clicked off, removing its bookmark &ndash;&gt;-->
	<string name="removed_from_bookmarks">"Removed from bookmarks."</string>
	<!--&lt;!&ndash; Sign-in dialog &ndash;&gt;-->
	<!--&lt;!&ndash; This is used as the title of a dialog which is used to sign in to a secure site.-->
	<!--"%s1"is replaced with the host and "%s2" with realm &ndash;&gt;-->
	<string name="sign_in_to">"Sign in to %1$s \"%2$s\""</string>
	<!--&lt;!&ndash; Prompt for an input box that allows the user to enter their login name &ndash;&gt;-->
	<string name="username">"Name"</string>
	<!--&lt;!&ndash; Prompt for an input box that allows the user to enter their password &ndash;&gt;-->
	<string name="password">"Password"</string>
	<!--&lt;!&ndash; The label on the "sign in" button &ndash;&gt;-->
	<string name="action">"Sign in"</string>
	<!--&lt;!&ndash; The name of the add bookmark page activity.&ndash;&gt;-->
	<string name="bookmarks_add_page">"Save bookmark"</string>
	<!--&lt;!&ndash; The name of the bookmarks and history search suggestion source.  &ndash;&gt;-->
	<string name="bookmarks_search">"Browser"</string>
	<!--&lt;!&ndash; Label for a cancel button.  It is used for multiple cancel buttons in different contexts &ndash;&gt;-->
	<string name="cancel">"Cancel"</string>
	<!--&lt;!&ndash; Label for a confirm button.  Used in multiple contexts. &ndash;&gt;-->
	<string name="ok">"OK"</string>
	<string name="delete">"Clear"</string>
	<string name="select">"Select"</string>
	<string name="modify">"Modify"</string>
	<string name="share">"Share"</string>
	<string name="most_visited">"Most visited"</string>
	<string name="allow">"Allow"</string>
	<string name="go_back">"Go back"</string>
	<string name="undo">"Undo"</string>
	<string name="bookmarks">"Bookmarks"</string>
	<string name="bookmark_list">"Bookmarks"</string>
	<string name="go">"Go"</string>
	<string name="clear">"Clear"</string>
	<string name="open">"Open"</string>
	<string name="history">"History"</string>
	<string name="remember_preference">"Remember preference"</string>
	<!--&lt;!&ndash; Label for a button to disallow a particular popup from opening &ndash;&gt;-->
	<string name="block">"Block"</string>
	<string name="clear_data_success">"Clear success"</string>
	<string name="exit">"Exit"</string>
	<string name="no_thanks">"NO, thanks"</string>
	<string name="clear_all">"Clear all"</string>


	<!--&lt;!&ndash; Menu item &ndash;&gt;-->
	<string name="page_info">"Page info"</string>
	<!--&lt;!&ndash; Label for a button on an SSL error dialog that allows the user to see-->
	<!--Page info screen for the current page &ndash;&gt;-->
	<string name="page_info_view">"View page info"</string>
	<!--&lt;!&ndash; Page Info dialog strings &ndash;&gt;-->
	<!--&lt;!&ndash; Noun.  The url for the current page. Displayed on the Page Info-->
	<!--screen. &ndash;&gt;-->
	<string name="page_info_address">"Address:"</string>

	<!--&lt;!&ndash; SSL Error dialogs &ndash;&gt;-->
	<string name="ssl_warnings_header">"There are problems with the security certificate for this site."</string>
	<!--&lt;!&ndash; Label for a button on an SSL error dialog that lets the user continue-->
	<!--and view the page despite the error &ndash;&gt;-->

	<!--&lt;!&ndash; Title for an SSL error dialog  &ndash;&gt;-->
	<string name="security_warning">"Security warning"</string>
	<!--&lt;!&ndash; Label for a button on an SSL error dialog that lets the user view the-->
	<!--certificate &ndash;&gt;-->
	<string name="view_certificate">"View certificate"</string>

	<string name="ssl_certificate">"Security certificate"</string>
	<!--&lt;!&ndash; Message in an SSL Error dialog &ndash;&gt;-->
	<string name="ssl_untrusted">"This certificate isn\'t from a trusted authority."</string>
	<!--&lt;!&ndash; Message in an SSL Error dialog &ndash;&gt;-->
	<string name="ssl_mismatch">"The name of the site doesn\'t match the name on the certificate."</string>
	<!--&lt;!&ndash; Message in an SSL Error dialog &ndash;&gt;-->
	<string name="ssl_expired">"This certificate has expired."</string>
	<!--&lt;!&ndash; Message in an SSL Error dialog &ndash;&gt;-->
	<string name="ssl_not_yet_valid">"This certificate isn\'t valid yet."</string>
	<!--&lt;!&ndash; Message in an SSL Error dialog &ndash;&gt;-->
	<string name="ssl_date_invalid">"This certificate has an invalid date."</string>
	<!--&lt;!&ndash; Message in an SSL Error dialog &ndash;&gt;-->
	<string name="ssl_invalid">"This certificate is invalid."</string>
	<!--&lt;!&ndash; Message in an SSL Error dialog &ndash;&gt;-->
	<string name="ssl_certificate_is_valid">"This certificate is valid."</string>
	<!--&lt;!&ndash; Message in an SSL Error dialog &ndash;&gt;-->
	<string name="ssl_unknown">"Unknown certificate error."</string>

	<!--&lt;!&ndash; Toast informing the user that loading has stopped for the current page. &ndash;&gt;-->
	<string name="stopping">"Stopping\u2026"</string>
	<!--&lt;!&ndash; Menu item to stop the current page from loading. &ndash;&gt;-->
	<!--&lt;!&ndash; Menu item to reload or refresh the current page. &ndash;&gt;-->

	<string name="location">"Address"</string>
	<!--&lt;!&ndash; Field label in Bookmark dialog box: refers to the account to save the bookmark to &ndash;&gt;-->
	<string name="account">"Account"</string>
	<!--&lt;!&ndash; Field label in Bookmark dialog box: refers to the folder in which to save the bookmark &ndash;&gt;-->
	<string name="containing_folder">"Add to"</string>
	<!--&lt;!&ndash; Default name for a new folder and label for a button that allows the user to start a new folder-->
	<!--in the add bookmark dialog &ndash;&gt;-->
	<string name="new_folder">"New folder"</string>
	<!--&lt;!&ndash; Context menu item to edit a folder [CHAR LIMIT=50] &ndash;&gt;-->
	<string name="edit_folder">"Edit folder"</string>
	<!--&lt;!&ndash; Context menu item to delete a folder [CHAR LIMIT=50] &ndash;&gt;-->
	<string name="delete_folder">"Delete folder"</string>
	<!--&lt;!&ndash; Label stating that the currently open folder has no subfolders-->
	<!--in the add bookmark dialog [CHAR-LIMIT=none]&ndash;&gt;-->
	<string name="no_subfolders">"No subfolders."</string>
	<!--&lt;!&ndash; Menu item to save the newly created bookmark to the home screen. [CHAR-LIMIT=30]&ndash;&gt;-->
	<string name="add_to_homescreen_menu_option">"Home screen"</string>
	<!--&lt;!&ndash; Menu item to open a picker to determine which folder to save a bookmark in. [CHAR-LIMIT=30]&ndash;&gt;-->
	<string name="add_to_other_folder_menu_option">"Other folder"</string>
	<!--&lt;!&ndash; Field label in Bookmark dialog box: title that the user wishes to use for the bookmark &ndash;&gt;-->
	<string name="name">"Label"</string>
	<!--&lt;!&ndash; Menu item that opens a dialog to save a bookmark for the current page [CHAR LIMIT=30] &ndash;&gt;-->
	<!--&lt;!&ndash; Title of the dialog to bookmark a page &ndash;&gt;-->
	<string name="bookmark_this_page">"Bookmark this page"</string>
	<!--&lt;!&ndash; Option on bookmark dialog to remove the bookmark [CHAR LIMIT=30] &ndash;&gt;-->
	<string name="remove">"Remove"</string>
	<!--&lt;!&ndash; Menu item on the bookmarks page, to edit an existing bookmark &ndash;&gt;-->
	<string name="edit_bookmark">"Edit bookmark"</string>
	<!--&lt;!&ndash; Context menu item to start a shortcut to the bookmark on the desktop [CHAR LIMIT=50] &ndash;&gt;-->
	<string name="create_shortcut_bookmark">"Add shortcut to home"</string>
	<!--&lt;!&ndash; Menu item to remove the currently highlighted bookmark&ndash;&gt;-->
	<string name="remove_bookmark">"Delete bookmark"</string>
	<!--&lt;!&ndash; Menu item to remove the currently highlighted history entry from the list of previously visited sites &ndash;&gt;-->
	<!--&lt;!&ndash; Context menu item for setting the bookmark/history item as the homepage &ndash;&gt;-->
	<string name="set_as_homepage">"Set as homepage"</string>
	<!--&lt;!&ndash; Toast informing the user that their action to save a bookmark has succeeded &ndash;&gt;-->
	<string name="bookmark_saved">"Saved to bookmarks"</string>
	<!--&lt;!&ndash; Toast informing the user that their action to save a bookmark did not succeed &ndash;&gt;-->
	<string name="bookmark_not_saved">"Couldn\'t save bookmark"</string>
	<!--&lt;!&ndash; Error that appears in the title of Bookmark dialog when user selects OK with empty Name field &ndash;&gt;-->
	<string name="bookmark_needs_title">"Bookmark must have a name"</string>
	<!--&lt;!&ndash; Error that appears in the title of Bookmark dialog when user selects OK with empty Location field &ndash;&gt;-->
	<string name="bookmark_needs_url">"Bookmark must have a location"</string>
	<!--&lt;!&ndash; Error that appears in the title of Bookmark dialog when user selects OK with invalid URL &ndash;&gt;-->
	<string name="bookmark_url_not_valid">"This URL isn\'t valid"</string>
	<!--&lt;!&ndash; Error that appears in the Bookmark dialog when user selects OK with a URL of a type we cannot bookmark &ndash;&gt;-->
	<string name="bookmark_cannot_save_url">"This URL can\'t be bookmarked"</string>
	<!--&lt;!&ndash; Confirmation dialog message confirming that the user wishes to delete-->
	<!--the bookmark they selected for deletion &ndash;&gt;-->
	<string name="delete_bookmark_warning">"Delete bookmark \"%s\"?"</string>
	<!--&lt;!&ndash; Context menu item to open every bookmark in a folder in new tabs [CHAR LIMIT=50] &ndash;&gt;-->
	<string name="open_all_in_new_window">"Open all in new tabs"</string>
	<!--&lt;!&ndash; Menu item to switch to text selection mode for copy and paste. &ndash;&gt;-->
	<string name="select_dot">"Select text"</string>
	<!--&lt;!&ndash; Menu item to close all other tabs [CHAR LIMIT=40] &ndash;&gt;-->
	<!--&lt;!&ndash; Secondary name for the Activity "BrowserBookmarksPage" &ndash;&gt;-->
	<string name="shortcut_bookmark">"Bookmark"</string>
	<!--&lt;!&ndash; Title for the activity asking the user to select a bookmark [CHAR LIMIT=50] &ndash;&gt;-->
	<string name="shortcut_bookmark_title">"Choose a bookmark"</string>
	<!--&lt;!&ndash; Menu item for saving a page for offline reading. This is a view-only snapshot of the page. [CHAR LIMIT=50] &ndash;&gt;-->
	<!--&lt;!&ndash; The number of bookmarks in a folder [CHAR LIMT=50] &ndash;&gt;-->
	<string name="contextheader_folder_bookmarkcount">"%d bookmarks"</string>
	<!--&lt;!&ndash; No bookmarks in the folder [CHAR LIMIT=50] &ndash;&gt;-->
	<string name="contextheader_folder_empty">"Empty folder"</string>
	<!--&lt;!&ndash; Context Menu item to open the currently selected link in a new-->
	<!--window. &ndash;&gt;-->
	<string name="contextmenu_openlink_newwindow">"Open in new tab"</string>
	<!--&lt;!&ndash; Context Menu item to save the webpage referred to by this link to the-->
	<!--SD card (external storage) &ndash;&gt;-->
	<string name="contextmenu_savelink">"Save link"</string>
	<!--&lt;!&ndash; Context Menu item to send the url of the selected link to someone else,-->
	<!--via Gmail or another app [CHAR LIMIT=50] &ndash;&gt;-->
	<string name="contextmenu_sharelink">"Share image"</string>
	<!--&lt;!&ndash; Context Menu item &ndash;&gt;-->
	<string name="contextmenu_copy">"Copy"</string>
	<!--&lt;!&ndash; Context Menu item to copy the url of the selected link to the-->
	<!--clipboard &ndash;&gt;-->
	<string name="contextmenu_copylink">"Copy link URL"</string>
	<!--&lt;!&ndash; Context Menu item to save the image to external storage &ndash;&gt;-->
	<string name="contextmenu_download_image">"Save image"</string>
	<!--&lt;!&ndash; Context Menu item to view the image by itself in the browser &ndash;&gt;-->
	<string name="contextmenu_view_image">"View image"</string>
	<!--&lt;!&ndash; Context Menu item to set the image as the home screen wallpaper &ndash;&gt;-->
	<string name="contextmenu_set_wallpaper">"Set as wallpaper"</string>

	<!--&lt;!&ndash; Context Menu item to open the dialer app with the selected phone number-->
	<!--&ndash;&gt;-->
	<string name="contextmenu_dial_dot">"Dial\u2026"</string>
	<!--&lt;!&ndash; Context Menu item to add the selected phone number to the address book.-->
	<!--&ndash;&gt;-->
	<string name="contextmenu_add_contact">"Add contact"</string>
	<!--&lt;!&ndash; Context Menu item to send an email using the selected email address.&ndash;&gt;-->
	<string name="contextmenu_send_mail">"Send email"</string>
	<!--&lt;!&ndash; Context Menu item to show the currently selected address in the Maps-->
	<!--application &ndash;&gt;-->
	<string name="contextmenu_map">"Map"</string>

	<!--&lt;!&ndash; Title of the dialog used for selecting the application that should be-->
	<!--used for sharing a link (e.g. Gmail or another app). See also-->
	<!--contextmenu_sharelink above &ndash;&gt;-->
	<string name="choosertitle_sharevia">"Share via"</string>

	<!--&lt;!&ndash; Settings screen strings &ndash;&gt;-->
	<!--&lt;!&ndash; Menu item to open the Settings screen &ndash;&gt;-->
	<string name="menu_preferences">"Settings"</string>

	<!--advanced_preferences -->
	<string name="pref_ad_block">"AD Block"</string>
	<string name="pref_ad_block_count">"Clear Ad block history"</string>
	<string name="pref_ad_block_count_summary">"%d ads blocked"</string>
	<string name="pref_ad_block_count_dialog_message">"Clear blocked ad count?"</string>
	<string name="pref_restore_tabs_on_startup">"Restore tabs on startup"</string>
	<!--&lt;!&ndash; Settings label &ndash;&gt;-->
	<string name="pref_content_cookies">"Enable cookies in incognito"</string>
	<string name="pref_content_cookies_summary">"Some sites require cookies to login or display normal"</string>
	<!-- Summary for whether or not to force-enable user scalablity (aka, zoom) [CHAR LIMIT=30] -->
	<string name="pref_force_userscalable_summary">"Override a website\'s request to control zoom behavior"</string>
	<!--&lt;!&ndash; Settings label &ndash;&gt;-->
	<string name="pref_content_autofit">"Auto-fit pages"</string>
	<!-- Settings summary -->
	<string name="pref_content_autofit_summary">"Format webpages to fit the screen"</string>
	<string name="pref_content_block_popups">"Block pop-ups"</string>
	<!-- Settings screen, setting option name -->
	<string name="pref_default_text_encoding">"Text encoding"</string>
	<!-- Options in the Default encoding dialog box -->
	<string-array name="new_pref_default_text_encoding_choices">
		<item>@string/browser_latin</item>
		<item>@string/browser_unicode</item>
		<item>@string/browser_gbk</item>
		<item>@string/browser_big5</item>
		<item>@string/browser_iso</item>
		<item>@string/browser_shift_jis</item>
		<item>@string/browser_euc_jp</item>
		<!-- No need to translate a EUC-KR part, and there is no string length limits. -->
		<item>@string/browser_euc_kr</item>
		<!-- TODO: We should add a lot more encodings.  -->
	</string-array>
	<!-- Settings label -->
	<string name="pref_extras_website_settings">"Website settings"</string>
	<!-- Settings summary -->
	<string name="pref_extras_website_settings_summary">"Advanced settings for individual websites"</string>


	<!--settings_preferences-->
	<!-- Settings label -->
	<string name="pref_content_search_engine">"Set search engine"</string>

	<string name="settings_seach_on_the_notification_bar">"Search on the Notification Bar"</string>

	<!--&lt;!&ndash; Settings summary &ndash;&gt;-->
	<string name="pref_search_engine_dialog_title">"Choose engine"</string>
	<string name="pref_web_browsing">"Web browsing"</string>
	<string name="pref_download_path_setting_screen_title">"Custom download path"</string>
	<!-- Settings screen, section title [CHAR-LIMIT=50] -->
	<string name="pref_privacy_security_title">"Privacy &#038; Security"</string>
	<!-- Settings summary -->
	<!-- Settings label -->
	<string name="pref_privacy_clear_data">"Clear data"</string>
	<string-array name="new_pref_clear_data_choices">
		<item>@string/browser_cache</item>
		<item>@string/browser_cookies</item>
		<item>@string/browser_forms</item>
		<item>@string/browser_history</item>
		<!--TODO:暂时注释-->
		<!--<item>Passwords</item>-->
		<item>@string/browser_locat_access</item>
	</string-array>
	<string name="pref_extras_title">"Advanced"</string>
	<string name="pref_feedback">"Feedback"</string>
	<string name="pref_default_browser">"Set default browser"</string>
	<string name="pref_pop_up_dialog_image">"Browser app"</string>
	<string name="pref_pop_up_dialog_description">"Tap and then choose one on pop up dialog"</string>
	<string name="pref_pop_up_dialog_button">"SET UP"</string>
	<string name="pref_confirm_on_exit">"Confirm on exit"</string>
	<string name="pref_about">"About"</string>
	<!-- Settings label -->
	<string name="pref_extras_reset_default">"Reset to default"</string>
	<!-- Settings summary -->
	<!-- Confirmation dialog message -->
	<string name="pref_extras_reset_default_dlg">"Revert settings to default values?"</string>

	<!--WebBrowsing_preferences-->
	<string name="pref_content_javascript">"Enable JavaScript"</string>
	<!--&lt;!&ndash; Content description for user agent switcher [CHAR LIMIT=NONE] &ndash;&gt;-->
	<string name="accessibility_button_uaswitch">"Switch user agent"</string>
	<string-array name="new_pref_user_agent_choices">
		<item>@string/browser_default</item>
		<item>@string/browser_iphone</item>
		<item>@string/browser_ipad</item>
		<item>@string/browser_computer</item>
	</string-array>
	<string name="pref_font_size">"Text size"</string>
	<string name="pref_force_userscalable">"Force enable zoom"</string>


	<!--general_preferences-->
	<!-- Settings label [CHAR LIMIT=50] -->
	<string name="pref_content_homepage">"Set Home Page"</string>
	<string-array name="new_pref_homepage_choices">
		<item>@string/browser_default_page</item>
		<item>@string/browser_native_page</item>
		<item>@string/browser_other</item>
	</string-array>
	<!--&lt;!&ndash; Settings category for autofill under general. [CHAR-LIMIT=50] &ndash;&gt;-->
	<string name="pref_general_autofill_title">"Auto-fill"</string>
	<!-- Checkbox setting for enabling/disabling the form AutoFill feature [CHAR-LIMIT=32] -->
	<string name="pref_autofill_enabled">"Form auto-fill"</string>
	<!-- Settings summary for the form AutoFill feature. [CHAR-LIMIT=none] -->
	<string name="pref_autofill_enabled_summary">"Fill out web forms with a single touch"</string>
	<!--&lt;!&ndash; Settings button label that to pick what to set the homepage to [CHAR LIMIT=40] &ndash;&gt;-->
	<string name="pref_set_homepage_to">"Set to"</string>


	<!--privacy_security_preferences-->
	<!-- Settings label -->
	<string name="pref_security_accept_cookies">"Accept cookies"</string>
	<!-- Settings summary -->
	<string name="pref_security_accept_cookies_summary">"Allow sites to save and read cookie data"</string>
	<!-- Settings label -->
	<string name="pref_privacy_enable_geolocation">"Enable location"</string>
	<!-- Settings summary -->
	<string name="pref_privacy_enable_geolocation_summary">"Allow sites to request access to your location"</string>
	<!--&lt;!&ndash; Settings label &ndash;&gt;-->
	<string name="pref_security_save_form_data">"Remember form data"</string>
	<!-- Settings summary -->
	<string name="pref_security_save_form_data_summary">"Remember data I type in forms for later use"</string>
	<!--&lt;!&ndash; Settings label &ndash;&gt;-->
	<string name="pref_security_remember_passwords">"Remember passwords"</string>
	<!-- Settings summary -->
	<string name="pref_security_remember_passwords_summary">"Save usernames and passwords for websites"</string>
	<!-- Settings label -->
	<string name="pref_security_show_security_warning">"Show security warnings"</string>
	<!-- Settings summmary -->
	<string name="pref_security_show_security_warning_summary">"Show warning if there\'s a problem with a site\'s security"</string>


	<!--text_size_preferences-->
	<!--&lt;!&ndash; Label for text scaling (percent) [CHAR LIMIT=30] &ndash;&gt;-->
	<!--&lt;!&ndash; Settings text size options; appear in Text size dialog box [CHAR LIMIT=30] &ndash;&gt;-->
	<string-array name="new_pref_text_size_choices">
		<item>@string/browser_tiny</item>
		<item>@string/browser_small</item>
		<item>@string/browser_normal</item>
		<item>@string/browser_large</item>
		<item>@string/browser_huge</item>
	</string-array>
	<string name="pref_text_zoom">"Text scaling"</string>
	<!-- Label for minimum font size [CHAR LIMIT=30] -->
	<string name="pref_min_font_size">"Minimum font size"</string>
	<!-- Label for the current minimum font size value [CHAR LIMIT=6] -->
	<string name="pref_min_font_size_value">"%d PT"</string>

	<string name="pref_wifi_only">"WIFI_ONLY"</string>
	<string name="pref_always">"ALWAYS"</string>

	<string name="browserFrameNetworkErrorLabel">"Connection problem"</string>
	<!--&lt;!&ndash; Title for a dialog displayed when the browser runs into a file label-->
	<!--error &ndash;&gt;-->
	<string name="browserFrameFileErrorLabel">"File problem"</string>
	<!--&lt;!&ndash; Dialog box message &ndash;&gt;-->
	<string name="browserFrameFormResubmitMessage">"The page you\'re trying to view contains data that has already been submitted (\"POSTDATA\"). If you resend the data, any action the form on the page carried out (such as a search or online purchase) will be repeated."</string>
	<!--no Internet connection.</string>-->
	<!--&lt;!&ndash; Menu item &ndash;&gt;-->
	<string name="clear_history">"Clear history"</string>
	<!--&lt;!&ndash; Appears on History screen if no history is found &ndash;&gt;-->
	<string name="empty_history">"No browsing history"</string>
	<!--&lt;!&ndash; Displayed at the top of the bookmarks page.  When clicked, it bookmarks the page the browser is currently showing &ndash;&gt;-->
	<string name="add_new_bookmark">"Add bookmark"</string>
	<!--&lt;!&ndash; Verb placed in front of a screenshot of a web page that, when clicked,-->
	<!--will add that page to bookmarks &ndash;&gt;-->
	<!--<string name="add_bookmark_short">Add</string>-->
	<string name="find_on_page">"Find on page"</string>
	<!--&lt;!&ndash; This string is for the browser "Go To" UI. &ndash;&gt;-->
	<!--&lt;!&ndash; This is the hint text shown in the Go To widget, before text is entered. &ndash;&gt;-->
	<string name="search_hint">"Search or Type URL"</string>
	<!--&lt;!&ndash; The string used to describe the browser as a searchable item within system search settings. &ndash;&gt;-->
	<string name="search_settings_description">"Bookmarks and web history"</string>

	<!--&lt;!&ndash; Message in a dialog telling the user that they cannot open any more-->
	<!--windows because the limit has been reached. &ndash;&gt;-->
	<string name="too_many_windows_dialog_message">"Can\'t open a new tab until you close one."</string>
	<!--&lt;!&ndash; Title for a dialog informing the user that they cannot open a subwindow-->
	<!--because only one can be open at a time. &ndash;&gt;-->
	<string name="too_many_subwindows_dialog_title">"Pop-up already open"</string>
	<!--&lt;!&ndash; Message for a dialog informing the user that they cannot open a-->
	<!--subwindow because only one can be open at a time. &ndash;&gt;-->
	<string name="too_many_subwindows_dialog_message">"Only one pop-up can be open at a time."</string>

	<!--&lt;!&ndash; Download History UI strings &ndash;&gt;-->
	<!--&lt;!&ndash; Dialog title &ndash;&gt;-->
	<string name="download_no_sdcard_dlg_title" product="default">"No SD card"</string>
	<!--&lt;!&ndash; Dialog message &ndash;&gt;-->
	<string name="download_no_sdcard_dlg_msg" product="default">"An SD card is required to download %s."</string>
	<!--&lt;!&ndash; Title for a dialog informing the user that the SD card used for-->
	<!--external storage is busy so they cannot download anything &ndash;&gt;-->
	<string name="download_sdcard_busy_dlg_title" product="default">"SD card unavailable"</string>
	<!--&lt;!&ndash; Message for a dialog informing the user that the SD card used for-->
	<!--external storage is busy so they cannot download anything.  Informs-->
	<!--the user how to enable SD card storage &ndash;&gt;-->
	<string name="download_sdcard_busy_dlg_msg" product="default">"The SD card is busy. To allow downloads, touch Turn Off USB Storage in the notification."</string>

	<!--&lt;!&ndash; Toast for a download which cannot begin because the URL is not http or https &ndash;&gt;-->
	<string name="cannot_download">"Can only download \"http\" or \"https\" URLs."</string>
	<!--&lt;!&ndash; Message in the list of items which have received download requests-->
	<!--telling their status.  This message states that the download has not-->
	<!--yet begun &ndash;&gt;-->
	<string name="download_pending">"Starting download\u2026"</string>

	<!--&lt;!&ndash; Do not translate.  Testing only &ndash;&gt;-->

	<!--&lt;!&ndash; The description of the suggestion that lets the user search the web for the query currently-->
	<!--in the text field. &ndash;&gt;-->
	<string name="search_the_web">"Search the web"</string>

	<!--&lt;!&ndash; HTML5 dialogs &ndash;&gt;-->
	<!--&lt;!&ndash; Used as a status bar notification when the browser is running out of space trying to allocate or increase the database quota for an HTML5 databae or application cache. &ndash;&gt;-->
	<string name="webstorage_outofspace_notification_title">"Browser storage full"</string>
	<string name="webstorage_outofspace_notification_text">"Touch to free up space."</string>
	<!--&lt;!&ndash; Used in the Browser Settings &ndash;&gt;-->
	<string name="webstorage_clear_data_title">"Clear stored data"</string>

	<!--&lt;!&ndash; Strings used in the summary of origins &ndash;&gt;-->
	<string name="webstorage_origin_summary_mb_stored">"MB stored on your phone"</string>
	<!--&lt;!&ndash; String shown in a progress view while a video is loading, before it starts playing &ndash;&gt;-->
	<string name="loading_video">"Loading video\u2026"</string>
	<!--&lt;!&ndash; Permissions prompt &ndash;&gt;-->
	<string name="permissions_prompt_message">"%1$s wants to use your %2$s."</string>
	<string name="permissions_prompt_deny">"Deny"</string>
	<string name="resource_protected_media_id">"protected media ID"</string>
	<string name="resource_video_capture">"camera"</string>
	<string name="resource_audio_capture">"microphone"</string>
	<string name="geolocation_permissions_prompt_message">"%s wants to know your location"</string>
	<string name="geolocation_permissions_prompt_share">"Share location"</string>
	<string name="geolocation_permissions_prompt_dont_share">"Decline"</string>
	<!--&lt;!&ndash; Permissions prompt toast &ndash;&gt;-->
	<string name="geolocation_permissions_prompt_toast_allowed">"This site can access your location. Change this on the Settings &gt; Advanced &gt; Website Settings."</string>
	<string name="geolocation_permissions_prompt_toast_disallowed">"This site cannot access your location. Change this on the Settings &gt; Advanced &gt; Website Settings."</string>
	<!--&lt;!&ndash; Settings -> Advanced -> Website settings -> <origin> &ndash;&gt;-->
	<string name="geolocation_settings_page_title">"Cancel permission to obtain your location"</string>
	<string name="geolocation_settings_page_summary_allowed">"This site can currently access your location"</string>
	<string name="geolocation_settings_page_summary_not_allowed">"This site can\'t currently access your location"</string>
	<!--&lt;!&ndash; Settings page dialog &ndash;&gt;-->
	<string name="geolocation_settings_page_dialog_message">"Clear location access for this website?"</string>
	<string name="website_settings_list_header_text">"Location Access"</string>

	<!--&lt;!&ndash; Text in the progress dialog when we are setting an image as the home screen wallpaper. &ndash;&gt;-->
	<string name="progress_dialog_setting_wallpaper">"Setting wallpaper\u2026"</string>

	<string name="error_console_header_text_minimized">"Show JavaScript console"</string>
	<string name="error_console_header_text_maximized">"JavaScript console"</string>
	<string name="error_console_eval_text_hint">"Evaluate JavaScript"</string>
	<string name="error_console_eval_button_text">"Evaluate"</string>

	<!--&lt;!&ndash; The string that is displayed when there are no bookmarks to display.-->
	<!--This is centered in the middle of the screen [CHAR LIMIT=NONE] &ndash;&gt;-->
	<string name="empty_bookmarks_folder">"Your bookmarks are empty"</string>

	<!--&lt;!&ndash; The folder name for the special "Other Bookmarks" folder created by Chrome [CHAR LIMIT=24] &ndash;&gt;-->
	<string name="other_bookmarks">"Other Bookmarks"</string>

	<!--&lt;!&ndash; Description for a dialog asking the user what they want to do with their bookmarks when adding a sync account [CHAR-LIMIT=none] &ndash;&gt;-->

	<!--&lt;!&ndash; Button allowing users to remove all of their existing bookmarks when setting up syncing with their bookmarks stored in Google Chrome [CHAR-LIMIT=64] &ndash;&gt;-->

	<!--&lt;!&ndash; Toast to inform the user that the maximum number of tabs has been-->
	<!--reached. [CHAR LIMIT=50] &ndash;&gt;-->
	<string name="max_tabs_warning">"No more tabs available"</string>
	<!--&lt;!&ndash; Name for the user's unsynced, local bookmarks [CHAR LIMIT=50] &ndash;&gt;-->
	<string name="local_bookmarks">"Local"</string>
	<!--&lt;!&ndash; Empty text for the "saved pages" tab that is shown when no saved pages exist. [CHAR LIMIT=None] &ndash;&gt;-->
	<string name="empty_snapshots_folder">"No saved pages"</string>
	<!--&lt;!&ndash; Menu option to delete the currently selected saved page [CHAR LIMIT=50] &ndash;&gt;-->
	<string name="remove_snapshot">"Delete saved page"</string>
	<!--&lt;!&ndash; Popup menu option to load the live version of a saved page [CHAR LIMIT=20] &ndash;&gt;-->

	<!--&lt;!&ndash; Content description for forward button [CHAR LIMIT=NONE] &ndash;&gt;-->
	<string name="accessibility_button_forward">"Go forward"</string>
	<!--&lt;!&ndash; Content description for refresh button [CHAR LIMIT=NONE] &ndash;&gt;-->
	<string name="accessibility_button_refresh">"Refresh page"</string>
	<!--&lt;!&ndash; Content description for stop button [CHAR LIMIT=NONE] &ndash;&gt;-->
	<string name="accessibility_button_stop">"Stop page load"</string>
	<!--&lt;!&ndash; Content description for add bookmark button [CHAR LIMIT=NONE] &ndash;&gt;-->
	<string name="accessibility_button_addbookmark">"Bookmark page"</string>
	<!--&lt;!&ndash; Content description for search button [CHAR LIMIT=NONE] &ndash;&gt;-->
	<string name="accessibility_button_search">"Search"</string>
	<!--&lt;!&ndash; Content description for voice search button [CHAR LIMIT=NONE] &ndash;&gt;-->
	<string name="accessibility_button_voice">"Start voice search"</string>
	<!--&lt;!&ndash; Content description for close tab button [CHAR LIMIT=NONE] &ndash;&gt;-->
	<string name="accessibility_button_closetab">"Close tab"</string>
	<!--&lt;!&ndash; Content description for new tab button [CHAR LIMIT=NONE] &ndash;&gt;-->
	<string name="accessibility_button_newtab">"Open new tab"</string>
	<!--&lt;!&ndash; Content description for new incognito tab button [CHAR LIMIT=NONE] &ndash;&gt;-->
	<!--&lt;!&ndash; Content description for clear button [CHAR LIMIT=NONE] &ndash;&gt;-->
	<string name="accessibility_button_clear">"Clear input"</string>
	<!--&lt;!&ndash; Content description for overflow menu button [CHAR LIMIT=NONE] &ndash;&gt;-->
	<string name="accessibility_button_more">"More options"</string>

	<!--&lt;!&ndash; Content description for incognito state [CHAR LIMIT=NONE] &ndash;&gt;-->
	<string name="accessibility_state_incognito">"Incognito page"</string>
	<!--&lt;!&ndash; Content description for frozen state [CHAR LIMIT=NONE] &ndash;&gt;-->
	<string name="accessibility_state_frozen">"Saved page"</string>

	<!--&lt;!&ndash; Content description for tab switcher transition [CHAR LIMIT=NONE] &ndash;&gt;-->
	<string name="accessibility_transition_navscreen">"Tab management"</string>
	<!--&lt;!&ndash; Content description for navigating up in the bookmark folder hierarchy [CHAR LIMIT=NONE] &ndash;&gt;-->
	<string name="accessibility_button_bookmarks_folder_up">"Previous folder"</string>
	<string name="sendText">"Choose an action for text"</string>

	<string name="qrcode_tip">"Place QR code inside the box, start scanning"</string>
	<string name="picture_nocodeinfo">"Not able to identify the QR code information"</string>
	<string name="picture_scannoinfo">"QR code information not scanned"</string>
	<string name="share_dialog_title">"Share the web page"</string>
	<string name="canceldel">undo delete</string>
	<string name="top_news">Top News</string>
	<string name="write_advice_please">"Please describe your opinion or suggestion in words......"</string>
	<string name="feed_back_sucess">"We have received your comments and suggestions, thank you."</string>
	<string name="check_network">"Submission failed due to network issue, please check."</string>
	<string name="commit_fail">"Submission failed, Please try later"</string>
	<string name="please_input_over_six">"Please enter 6 or more characters"</string>
	<string name="please_input_under_max">"Please enter no more than %1$d characters"</string>
	<string name="email">"Email:"</string>
	<string name="email_is_error">"Please enter the correct Email format"</string>
	<string name="add_pic">"Add image:"</string>
	<string name="optional">"username@xxx.com (Optional)"</string>
	<string name="feedback_other">"Other:"</string>
	<string name="feedback_other_optional">"Facebook/Twitter/Google+ (Optional)"</string>
	<string name="feedback_submit">"Submit"</string>

	<string name="versionUpdate">"Version Update"</string>
	<string name="messageContent">"New version detected, update now?"</string>
	<string name="update_at_once">"Update at once"</string>
	<string name="update_later">"Update later"</string>

	<!--AboutPreference-->
	<string name="pref_check_update">"Check Update"</string>
	<string name="pref_contact_us">"Contact us"</string>
	<string name="pref_agreement">"User Terms"</string>
	<string name="pref_agreement_url">http://tcl-icloudcdn.tclclouds.com/mig-portal/browser/en/service.html</string>
	<string name="pref_privacy_policy">"Privacy Policy"</string>
	<string name="pref_privacy_policy_url">http://tcl-icloudcdn.tclclouds.com/mig-portal/browser/en/privacy.html</string>
	<string name="browser_rights">"Copyright © %1$s Turbo Browser. \nAll Rights Reserved."</string>

	<string name="check_for_update">"check for update..."</string>
	<string name="request_fail">"Request failed, please try again later"</string>
	<string name="update_remind">"Update notice"</string>
	<string name="is_latest">"Already the latest version!"</string>
	<string name="no_prompt">"No longer remind"</string>

	<string name="download">"download"</string>
	<string name="downloading">"Downloading"</string>
	<string name="downloaded">"Downloaded"</string>
	<string name="download_removed">"Has removed"</string>
	<string name="download_pause">"Download pause"</string>
	<string name="download_failed">"Download failed"</string>
	<string name="unknown_file">"unknown file types"</string>
	<string name="network_error">Internet connection failed!</string>
	<string name="network_unavailable">Network not available, try again later.</string>
	<string name="news_fail">News load failed, please check your network</string>
	<string name="news_load_fail">Network error, please try again</string>
	<string name="news_notwork">Sorry，the page can’t be found</string>
	<string name="news_open_original_page">View original web page</string>
	<string name="news_refresh_tip">%1$d news refreshed</string>
	<string name="news_refresh_tip_no">no news refreshed</string>
	<string name="no_connection">No connection,please try again later</string>
	<string name="no_data_try_later">No data, please try later</string>
	<string name="no_downloads">"No Downloads"</string>
	<string name="no_downloaded">"No Downloaded file"</string>
	<string name="downloadmanager_disabled">"Download Manager is disabled. Please enable it."</string>
	<string name="cannot_open_the_file">"No procedure to open this type of file"</string>
	<string name="download_allow_mobile">"Allow file download via mobile network?"</string>
	<string name="allow_download">"Allow Download"</string>
	<string name="allow_download_no">"Connecting to WIFI"</string>

	<string name="default_location">"Default location:%1$s"</string>
	<string name="select_location">"Select location"</string>
	<string name="sdcard_free">"%1$s Free/%2$s"</string>
	<!--&lt;!&ndash;bottomMenuItem&ndash;&gt;-->
	<string name="menu_browser_bookmark">"Add Bookmark"</string>
	<string name="menu_browser_night">"Night Mode"</string>
	<string name="menu_browser_incognito">"Incognito"</string>
	<string name="menu_browser_close_incognito">"Normal"</string>
	<string name="menu_browser_bookmark_history">"Bookmarks/History"</string>
	<string name="menu_browser_downloads">"Downloads"</string>
	<string name="menu_browser_no_image">"No Image"</string>
	<string name="menu_browser_full_screen">"Full Screen"</string>
	<string name="menu_browser_desktop_site">"Desktop site"</string>
	<string name="menu_browser_font_size">"Font Size"</string>
	<string name="menu_browser_search_page">"Search in Page"</string>
	<string name="menu_browser_snapshots">"Save Page"</string>

	<string name="menu_browser_qr_code">"QR Code"</string>
	<string name="menu_browser_settings">"Settings"</string>
	<string name="menu_browser_quit">"Quit"</string>

	<string name="title_clear_off_line">"Clear saved pages?"</string>
	<string name="title_clear_history">"Clear history?"</string>
	<string name="title_clear_all_history">"Clear all history?"</string>
	<string name="title_clear_bookmark">"Clear bookmark?"</string>
	<string name="enter_incognito_mode">"Switch to incognito"</string>
	<string name="enter_normal_mode">"Switch to normal"</string>
	<string name="swipe_up_tip">"You can swipe up to delete the tab"</string>
	<string name="empty_info_most_visited">"No record"</string>

	<string name="prompt_saved_off_line">"Saved to saved pages in bookmarks"</string>
	<string name="prompt_already_saved_off">"You have already saved this page"</string>
	<string name="prompt_already_saved_bookmark">"You have already added this bookmark"</string>
	<string name="incognito_home">"You\'re in Incognito"</string>
	<string name="incognito_home_content">"Now you are in incognito mode."</string>

	<string name="exit_dialog_title">"Exit Browser?"</string>
	<string-array name="new_exit_dialog_choices">
		<item>@string/browser_clear_history</item>
		<item>@string/browser_dont_ask_again</item>
	</string-array>

	<string name="weather_no_data">"None Weather"</string>
	<string name="location_access">"Please check if location service is turn on."</string>
	<string name="adblock_dialog_tips">"Ads located, enable AD Block now?"</string>
	<string name="visit_url_title">"Visit this URL from your clipboard?"</string>
	<string name="visit_url_ok">"Visit"</string>
	<string name="incognito_home_tip">"You can exit incognito, and back to normal."</string>
	<string name="snap_shot_no_title">"Untitled"</string>
	<string name="view_select_all">"Select All"</string>
	<string name="set_default_browser">"Set default browser"</string>
	<string name="enter_settings_page">"Enter Settings after clear is done, please."</string>
	<string name="clear_default_setting_please">"Another browser is set as default browser, please clear the browser\'s default setting."</string>
	<string name="unknown_error">"Unknown error, please try again."</string>
	<string name="set_default_success">"Setting up successful!"</string>
	<string name="set_default_failure">"Set default failure. Try again please."</string>

	<string name="clip_already_copy">"URL copied to clipboard."</string>
	<string name="clip_already_cut">"URL cut to clipboard."</string>
	<string name="clipboard_cut">"Cut"</string>
	<string name="clipboard_copy">"Copy"</string>
	<string name="clipboard_paste">"Paste"</string>
	<string name="clipboard_empty">"Clipboard is empty"</string>
	<string name="default_bookmark">"Default Bookmark"</string>

	<!-- portal  -->
	<string name="recommend_portal_title">"Portal"</string>
	<string name="setting_update_speech_recognition">"voice input forbidden, please update Google voice service"</string>

	<string name="request_camera_permission_deny_tip">"Please grant the camera permission"</string>
	<string name="request_storage_permission_deny_tip">"Please grant the write external storage permission"</string>

	<string name="new_file">"Create new file"</string>
	<string name="replace_file">"Replace file"</string>
	<string name="action_call">"Make a call"</string>
	<string name="search_input_prompt_text">"input record"</string>
	<string-array name="security_warning_white_host">
		<item>"mcdonalds.com"</item>
	</string-array>
	<string name="download_button">"Download"</string>
	<string name="play_button">"Play"</string>
	<string name="saved_pages_list">"Saved pages"</string>

	<string name="set_as_def_browser">"Set as default browser?"</string>
	<string name="set_def_browser_for_set">"SET"</string>
	<string name="set_def_browser_for_cancel">"CANCEL"</string>

	<!--新闻-->
	<string name="news_title">Top News</string>

	<string name="behavior_contents">com.hawk.android.browser.mudule.view.behavior.NewsContentBehavior</string>
	<string name="behavior_header_pager"> com.hawk.android.browser.mudule.view.behavior.NewsHeaderPagerBehavior</string>
	<string name="behavior_title">com.hawk.android.browser.mudule.view.behavior.NewsTitleBehavior</string>
	<string name="behavior_news_tab">com.hawk.android.browser.mudule.view.behavior.NewsTabBehavior</string>
	<!--设置下载路径功能-->
	<string name="check_update">Check for update </string>
	<string name="download_tips">Download tips </string>
	<string name="file_name">Filename</string>
	<string name="filename">Filename</string>
	<string name="download_path">Download path</string>
	<string name="file_size">Size</string>
	<string name="detection_upgrade">Detection upgrade</string>
	<string name="current_version">Current version</string>
	<string name="update_immediately">Update immediately</string>
	<string name="try_again_for_update">Update failed， please try again </string>
	<string name="update_fail">Update failed， please try again </string>
	<string name="unknown">Unknown</string>
	<string name="webpage_not_available">Webpage not available</string>
	<string name="webpage_error_code">Error Code:%1$d</string>
	<string name="save">OK</string>
	<string name="ssl_continue">Continue</string>
	<string name="unit_byte">B</string>
	<string name="unit_gigabyte">G</string>
	<string name="unit_kilobyte">KB</string>
	<string name="unit_megabyte">M</string>
	<string name="search_history">Search History</string>
	<string name="confirm">Confirm</string>
	<string name="del_history_top">This will delete all your history, continue?</string>
	<string name="save_flow">Saving and Fast</string>
	<string name="open_noimg_tip">At present, it opens up no graph mode for data traffic and saves traffic</string>
	<string name="savflow_noimg_tip">Non graph mode</string>
	<string name="speed_safe_tip">Fast and safty</string>
	<string name="speed_noad_safe_tip">Turn on advertising filtering can speed up internet access and ensure Internet security</string>
	<string name="adblock_opened">AD Block mode has trun on</string>
	<string name="dont_open_adblock">Page does not turn on ad filtering can be turned on in settings</string>
	<string name="open_now">Turn on</string>
	<string name="later_on">Later</string>
	<string name="open_url_post_oma_download">"Open the suggested URL specified in the downloaded content?"</string>
	<string name="browser_big5">Chinese (Big5)</string>
	<string name="browser_cache">Cache</string>
	<string name="browser_clear_history">Clear history  &amp; cache</string>
	<string name="browser_computer">PC Version</string>
	<string name="browser_cookies">Cookies</string>
	<string name="browser_default">Default</string>
	<string name="browser_default_page">Default page</string>
	<string name="browser_dont_ask_again">&quot;Don\'t ask again&quot;</string>
	<string name="browser_download">Download with Turbo Browser</string>
	<string name="browser_download_file">Download file in Turbo Browser</string>
	<string name="browser_download_lessdata">Use Turbo Browser to download file with less data usage</string>
	<string name="browser_euc_jp">Japanese (EUC-JP)</string>
	<string name="browser_euc_kr">Korean (EUC-KR)</string>
	<string name="browser_experience">Smart, fast, secure, make your browsing experience perfect</string>
	<string name="browser_fast">Fast, ads-free, private and secure browser</string>
	<string name="browser_fast_download">Fast download</string>
	<string name="browser_forms">Forms</string>
	<string name="browser_gbk">Chinese (GBK)</string>
	<string name="browser_history">History</string>
	<string name="browser_hot_news">Turbo Browser shares hot news with you</string>
	<string name="browser_huge">Huge</string>
	<string name="browser_install">Free download this amazing must-have browser on your phone!</string>
	<string name="browser_introduce">An robust browser for enjoying tons of videos, no ads and free.</string>
	<string name="browser_ipad">iPad</string>
	<string name="browser_iphone">iPhone</string>
	<string name="browser_iso">Japanese (ISO-2022-JP)</string>
	<string name="browser_large">Large</string>
	<string name="browser_latin">Latin-1 (ISO-8859-1)</string>
	<string name="browser_locat_access">Location access</string>
	<string name="browser_look">video/images/music in 1 sec, and look through the local files smoothly.</string>
	<string name="browser_native_page">Native Page</string>
	<string name="browser_normal">Normal</string>
	<string name="browser_other">Other</string>
	<string name="browser_search">Marvelous searching, you can enjoy thousands of videos inside.</string>
	<string name="browser_security">private searching makes safe</string>
	<string name="browser_shift_jis">Japanese (SHIFT_JIS)</string>
	<string name="browser_small">Small</string>
	<string name="browser_speed_up">Turbo Browser speeds up 60% for you</string>
	<string name="browser_tiny">Tiny</string>
	<string name="browser_unicode">Unicode (UTF-8)</string>
	<string name="feed_back_type">Type</string>
	<string name="feed_back_type_question">Questions</string>
	<string name="feed_back_type_bugs">Bugs</string>
	<string name="feed_back_type_suggestions">Suggestions</string>
	<string name="feed_back_type_others">Others</string>
	<string name="feed_back_type_desc">Description</string>
	<string name="share_with_others">Also you can share your feedback from:</string>
	<string name="feed_back_image_upload_error">"image upload error"</string>
	<string name="save_to_saved_pages">Saved to &quot;Saved pages&quot; in bookmarks</string>
	<string name="file_maximum">"Maximum file should not exceed 2M"</string>
	<string name="bugs">Bugs</string>
	<string name="suggestions">Suggestions</string>
	<string name="other">Others</string>
	<string name="questions">Questions</string>
	<string name="game_desc">Recommend</string>
	<string name="game_network_error">oops! Network Error</string>
	<string name="game_exception">Loading exceptions ,you can try later</string>
	<string name="game_retry">Retry</string>
	<string name="guide_pop_desc">Slide Left to Play games</string>
	<string name="browser_more">More</string>
	<string name="timeout_toast">Loading slowly,please be patient…</string>

	<string name="pref_manage_card">"Manage Card"</string>
	<string name="headlines">Headlines</string>
    <string name="pull_load_more">Pull up and load more</string>


	<string name="go_gp">Yes! Rate 5 stars</string>
	<string name="go_feedback">No, give advice</string>
	<string name="score_title">Like Turbo Browser</string>
	<string name="score_title_description">Your encoutagement make it better</string>

	<string name="feed_back_thank">Thank you for your feedback </string>
	<string name="feed_back_reply">We will reply you as soon as possible </string>
	<string name="feed_back_go_home_page">Back to home page</string>
	<string name="feed_back_know">Know more about us </string>

    <string name="hot_word">Hot words</string>
    <string name="add">Add</string>
    <string name="add_link">Add quick link</string>
    <string name="customization">Customization</string>
	<string name="title">Title</string>
	<string name="link">URL</string>
    <string name="input_title">Please enter a title</string>
	<string name="input_url">Please enter a link</string>
    <string name="done">Done</string>
    <string name="menu_browser_game">Game</string>
	<string name="set_home_page">Yes,Try it</string>
	<string name="home_page_select_dialog_desc">Discover new and more interesting homepages,Do you want to try?</string>
	<string name="home_page_toast">Home page setup is successful, can be switched in settings</string>
	<string name="start">Start</string>
	<string name="cancelDel">"Undo delete?"</string>
	<string name="browserframenetworkerrorlabel">Connection problem</string>
	<string name="no_wifi_network">Current non WIFI environment</string>
	<string name="copy_enter">ENTER</string>


	<string name="private_browser_txt_tip">search in incognito browser</string>
	<string name="set_default_browser_guide">Set this browser as your default browser for better experience. Try it now?</string>
	<string name="try_it_now">Try it now</string>
	<string name="step_choose">Choose “Browser”</string>
	<string name="step_tap">Tap “Always”</string>
	<string name="always">Always</string>
	<string name="just_once">Just Once</string>
	<string name="set_up_now">Set up now</string>
	<string name="tv_default_title">Clear the Default Settings</string>
	<string name="trun_off">TRUN OFF</string>
	<string name="default_title">Are you sure you want to turn it off？This browser is getting better everyday.Why not give me a second chance?</string>
	<string name="step_one">Step 1</string>
	<string name="step_two">Step 2</string>

	<string name="boost_speed_up">Boost completed</string>
	<string name="boost_title_activity">Boost</string>
	<string name="boostengine_start_super_boost">Start Super boost</string>
	<string name="boostengine_stopping_which">Boosting</string>
	<string name="boostengine_stop">stop</string>
	<string name="boostengine_abnormal_app_stopping_which">Stopping abnormal app[%1$d/%2$d]:%3$s</string>
	<string name="result_boost_memory_release"> Memory released</string>
	<string name="notification_search_hint">Quick search</string>
	<string name="notification_search_bar">Search Bar</string>
	<string name="privacy_and">and</string>
	<string name="menu_browser_boost">"Boost"</string>
	<string name="boost_accelerator">"Boost ball"</string>
	<string name="result_junk_boost_best_state">Your browser had been boosted.</string>

	<string name="saved">Saved</string>
	<string name="data_saving">Data saving</string>
	<string name="data_saved">DATA SAVED</string>
	<string name="data_saving_switch">Premium Data Saving Mode:</string>
	<string name="data_saving_switch_on">ON</string>
	<string name="data_saving_description">The data was saved by following technologies</string>
	<string name="website_proxy">Website Proxy</string>
	<string name="super_image">Super Image</string>
	<string name="ad_blocker">Ad Blocker</string>
	<string name="smart_transcoding">Smart Transcoding</string>
	<string name="send_to_homescreen">"Send to homescreen"</string>
	<string name="browser_bookmarks">Bookmarks</string>
	<string name="add_to_bookmark">Add Bookmark to Home Screen</string>
	<string name="shortcut_delete">Delete</string>
	<string name="desktop_is_full">The desktop is full</string>
	<string name="Added_in_homescreen">Added in homescreen</string>
	<string name="boost_rate">Rate it</string>
	<string name="score_desc">Now, surfing is faster! Rate us and give encourage!</string>
	<string name="tv_update">New Version</string>
	<string name="update_now">"Update Now"</string>
	<string name="update_des">"Browse faster and safer！
		Fixed small bugs."</string>

	<string name="top_games">Hot Games</string>
	<string name="top_apps">Top Downloads</string>

	<string name="video_download_title">Video in this site could be download soon.</string>
	<string name="video_download_des">Are you expecting this feature? Please tell us!</string>
	<string name="button_yes">YES</string>
	<string name="video_download_tip">Try to download online videos</string>
	<string name="video_guide_click">Click to download</string>



	<string name="browser_alias_name">Browser [recommended]</string>
	<string name="boost_done">"Done"</string>
	<string name="boost_data_save">"DATE SAVED"</string>
	<string name="boost_data_save_try">"TRY IT"</string>
	<string name="boost_data_save_recommend">"Recommendation"</string>
	<string name="start_to_data_saving">"Start to data saving"</string>
	<string name="refresh_data_saving">"Refresh"</string>
	<string name="data_saving_switch_off">OFF</string>
	<string name="data_saving_tips">When you open new webpages,we will save data for you.</string>





</resources>