<?xml version="1.0" encoding="utf-8"?>
<!-- Copyright (C) 2017 Tcl Corporation Limited
/*
 *
 * Copyright 2006,2007,2008 The Android Open Source Project
 *
 * Licensed under the Apache License, Version 2.0 (the "License");
 * you may not use this file except in compliance with the License.
 * You may obtain a copy of the License at
 *
 *     http://www.apache.org/licenses/LICENSE-2.0
 *
 * Unless required by applicable law or agreed to in writing, software
 * distributed under the License is distributed on an "AS IS" BASIS,
 * WITHOUT WARRANTIES OR CONDITIONS OF ANY KIND, either express or implied.
 * See the License for the specific language governing permissions and
 * limitations under the License.
 */
-->
<resources>
    <!-- Widget RoundImageView -->
    <attr name="borderRadius" format="dimension" />
    <attr name="type">
        <enum name="circle" value="2" />
        <enum name="round" value="1" />
        <enum name="rectangle" value="0" />
    </attr>

    <declare-styleable name="RoundImageView">
        <attr name="borderRadius" />
        <attr name="type" />
    </declare-styleable>

    <style name="CommonMenuPadddingStyle">
        <item name="android:gravity">center</item>
        <item name="android:layout_width">0dp</item>
        <item name="android:layout_height">wrap_content</item>
        <item name="android:layout_weight">1</item>
    </style>
</resources>
