<?xml version="1.0" encoding="utf-8"?>
<resources>

    <array name="common_menu_name">
        <item>@string/menu_browser_bookmark</item>
        <item>@string/menu_browser_bookmark_history</item>
        <item>@string/menu_browser_incognito</item>
        <item>@string/menu_browser_boost</item>
        <item>@string/menu_browser_no_image</item>
        <item>@string/share</item>
        <item>@string/menu_browser_downloads</item>
        <item>@string/pref_feedback</item>
        <item>@string/menu_browser_settings</item>
        <item>@string/menu_browser_font_size</item>
        <item>@string/menu_browser_search_page</item>
        <item>@string/menu_browser_snapshots</item>
        <item>@string/menu_browser_full_screen</item>
        <item>@string/browser_computer</item>
        <item>@string/menu_browser_quit</item>
    </array>
    <array name="common_menu_add_game_name">
        <item>@string/menu_browser_bookmark</item>
        <item>@string/menu_browser_bookmark_history</item>
        <item>@string/menu_browser_incognito</item>
        <item>@string/menu_browser_boost</item>
        <item>@string/menu_browser_no_image</item>
        <item>@string/share</item>
        <item>@string/menu_browser_downloads</item>
        <item>@string/pref_feedback</item>
        <item>@string/menu_browser_game</item>
        <item>@string/menu_browser_settings</item>
        <item>@string/menu_browser_font_size</item>
        <item>@string/menu_browser_search_page</item>
        <item>@string/menu_browser_snapshots</item>
        <item>@string/menu_browser_full_screen</item>
        <item>@string/browser_computer</item>
        <item>@string/menu_browser_quit</item>
    </array>

    <array name="common_menu_icon">
        <item>@drawable/browser_bookmark_bg</item>
        <item>@drawable/ic_browser_bookmark_history</item>
        <item>@drawable/ic_browser_incognito</item>
        <item>@drawable/ic_browser_jiasu</item>
        <item>@drawable/ic_browser_no_image</item>
        <item>@drawable/browser_share_bg</item>
        <item>@drawable/ic_browser_downloads</item>
        <item>@drawable/ic_browser_feedback</item>
        <item>@drawable/ic_browser_settings</item>
        <item>@drawable/ic_browser_font_size</item>
        <item>@drawable/ic_browser_search_page</item>
        <item>@drawable/browser_save_bg</item>
        <item>@drawable/ic_browser_full_screen</item>
        <item>@drawable/ic_browser_desktop_site_incognito</item>
        <item>@drawable/ic_browser_quit</item>

    </array>
    <array name="common_menu_add_game_icon">
        <item>@drawable/browser_bookmark_bg</item>
        <item>@drawable/ic_browser_bookmark_history</item>
        <item>@drawable/ic_browser_incognito</item>
        <item>@drawable/ic_browser_icon_jiasu</item>
        <item>@drawable/ic_browser_no_image</item>
        <item>@drawable/browser_share_bg</item>
        <item>@drawable/ic_browser_downloads</item>
        <item>@drawable/ic_browser_feedback</item>
        <item>@drawable/browser_game_click_selector</item>
        <item>@drawable/ic_browser_settings</item>
        <item>@drawable/ic_browser_font_size</item>
        <item>@drawable/ic_browser_search_page</item>
        <item>@drawable/browser_save_bg</item>
        <item>@drawable/ic_browser_full_screen</item>
        <item>@drawable/ic_browser_desktop_site_incognito</item>
        <item>@drawable/ic_browser_quit</item>

    </array>
    <array name="common_menu_icon_igon">
        <item>@drawable/browser_bookmark_bg</item>
        <item>@drawable/ic_browser_bookmark_history</item>
        <item>@drawable/ic_browser_incognito</item>
        <item>@drawable/ic_browser_icon_jiasu</item>
        <item>@drawable/ic_browser_no_image</item>
        <item>@drawable/browser_share_bg</item>
        <item>@drawable/ic_browser_downloads</item>
        <item>@drawable/ic_browser_feedback</item>
        <item>@drawable/ic_browser_settings</item>
        <item>@drawable/ic_browser_font_size</item>
        <item>@drawable/ic_browser_search_page</item>
        <item>@drawable/browser_save_bg</item>
        <item>@drawable/ic_browser_full_screen</item>
        <item>@drawable/ic_browser_desktop_site_incognito</item>
        <item>@drawable/ic_browser_quit</item>

    </array>
    <array name="common_menu_icon_igon_game">
        <item>@drawable/browser_bookmark_bg</item>
        <item>@drawable/ic_browser_bookmark_history</item>
        <item>@drawable/ic_browser_incognito</item>
        <item>@drawable/ic_browser_jiasu</item>
        <item>@drawable/ic_browser_no_image</item>
        <item>@drawable/browser_share_bg</item>
        <item>@drawable/ic_browser_downloads</item>
        <item>@drawable/ic_browser_feedback</item>
        <item>@drawable/ic_browser_game_incognito</item>
        <item>@drawable/ic_browser_settings</item>
        <item>@drawable/ic_browser_font_size</item>
        <item>@drawable/ic_browser_search_page</item>
        <item>@drawable/browser_save_bg</item>
        <item>@drawable/ic_browser_full_screen</item>
        <item>@drawable/ic_browser_desktop_site_incognito</item>
        <item>@drawable/ic_browser_quit</item>
    </array>
    <array name="common_menu_game_tags">
        <item>"tag_bookmark"</item>
        <item>"tag_bookmark_history"</item>
        <item>"tag_incognito"</item>
        <item>"tag_boost"</item>
        <item>"tag_no_image"</item>
        <item>"tag_share"</item>
        <item>"tag_downloads"</item>
        <item>"tag_feedback"</item>
        <item>"tag_game"</item>
        <item>"tag_settings"</item>
        <item>"tag_font_size"</item>
        <item>"tag_search_page"</item>
        <item>"tag_snapshots"</item>
        <item>"tag_full_screen"</item>
        <item>"tag_computer"</item>
        <item>"tag_quit"</item>
    </array>

    <array name="common_menu_tags">
        <item>"tag_bookmark"</item>
        <item>"tag_bookmark_history"</item>
        <item>"tag_incognito"</item>
        <item>"tag_boost"</item>
        <item>"tag_no_image"</item>
        <item>"tag_share"</item>
        <item>"tag_downloads"</item>
        <item>"tag_feedback"</item>
        <item>"tag_settings"</item>
        <item>"tag_font_size"</item>
        <item>"tag_search_page"</item>
        <item>"tag_snapshots"</item>
        <item>"tag_full_screen"</item>
        <item>"tag_computer"</item>
        <item>"tag_quit"</item>
    </array>
</resources>
