<?xml version="1.0" encoding="utf-8"?>
<!-- Copyright (C) 2017 Tcl Corporation Limited -->
<resources>
    <!-- Default style for seekbar preferences. -->
    <attr name="yesNoPreferenceStyle" format="reference" />


    <declare-styleable name="SwitchButton">
        <attr name="browserThumbDrawable" format="reference"/>
        <attr name="browserThumbColor" format="color|reference"/>
        <attr name="browserThumbMargin" format="dimension|reference"/>
        <attr name="browserThumbMarginTop" format="dimension|reference"/>
        <attr name="browserThumbMarginBottom" format="dimension|reference"/>
        <attr name="browserThumbMarginLeft" format="dimension|reference"/>
        <attr name="browserThumbMarginRight" format="dimension|reference"/>
        <attr name="browserThumbWidth" format="dimension|reference"/>
        <attr name="browserThumbHeight" format="dimension|reference"/>
        <attr name="browserThumbRadius" format="dimension|reference"/>
        <attr name="browserBackRadius" format="dimension|reference"/>
        <attr name="browserBackDrawable" format="reference"/>
        <attr name="browserBackColor" format="color|reference"/>
        <attr name="browserFadeBack" format="boolean"/>
        <attr name="browserBackMeasureRatio" format="float"/>
        <attr name="browserAnimationDuration" format="integer"/>
        <attr name="browserTintColor" format="color|reference"/>
        <attr name="browserTextOn" format="string"/>
        <attr name="browserTextOff" format="string"/>
        <attr name="browserTextMarginH" format="dimension"/>
    </declare-styleable>

    <declare-styleable name="PagerSlidingTabStrip">
        <attr name="pstsIndicatorColor" format="color" />
        <attr name="pstsUnderlineColor" format="color" />
        <attr name="pstsDividerColor" format="color" />
        <attr name="pstsSelectTextColor" format="color" />
        <attr name="pstsIndicatorHeight" format="dimension" />
        <attr name="pstsUnderlineHeight" format="dimension" />
        <attr name="pstsDividerPadding" format="dimension" />
        <attr name="pstsTabPaddingLeftRight" format="dimension" />
        <attr name="pstsScrollOffset" format="dimension" />
        <attr name="pstsTabBackground" format="reference" />
        <attr name="pstsShouldExpand" format="boolean" />
        <attr name="pstsTextAllCaps" format="boolean" />
        <attr name="pstsIndicatorOffset" format="dimension" />
    </declare-styleable>

    <declare-styleable name="SwipeToLoadLayout">
        <attr name="refresh_enabled" format="boolean" />
        <attr name="load_more_enabled" format="boolean" />

        <attr name="swipe_style" format="enum">
            <enum name="classic" value="0" />
            <enum name="above" value="1" />
            <enum name="blew" value="2" />
            <enum name="scale" value="3" />
        </attr>

        <attr name="drag_ratio" format="float" />

        <attr name="refresh_trigger_offset" format="dimension" />
        <attr name="load_more_trigger_offset" format="dimension" />
        <attr name="refresh_final_drag_offset" format="dimension" />
        <attr name="load_more_final_drag_offset" format="dimension" />

        <attr name="swiping_to_refresh_to_default_scrolling_duration" format="integer" />
        <attr name="release_to_refreshing_scrolling_duration" format="integer" />
        <attr name="refresh_complete_delay_duration" format="integer" />
        <attr name="refresh_complete_to_default_scrolling_duration" format="integer" />
        <attr name="default_to_refreshing_scrolling_duration" format="integer" />
        <attr name="swiping_to_load_more_to_default_scrolling_duration" format="integer" />
        <attr name="release_to_loading_more_scrolling_duration" format="integer" />
        <attr name="load_more_complete_delay_duration" format="integer" />
        <attr name="load_more_complete_to_default_scrolling_duration" format="integer" />
        <attr name="default_to_loading_more_scrolling_duration" format="integer" />
    </declare-styleable>


    <declare-styleable name="BoostEngineRocketBackgroundView">
        <attr name="rb_lineNum" format="integer"/>
        <attr name="rb_lineColor" format="reference|color"/>
        <attr name="rb_lineMinLength" format="dimension"/>
        <attr name="rb_lineMaxLengthPer" format="float"/>
    </declare-styleable>

    <declare-styleable name="RollTextView">
        <!--当前数值-->
        <attr name="number" format="integer"/>
        <!--数字颜色-->
        <attr name="rollTextColor" format="color"/>
        <!--字体大小,决定控件高度-->
        <attr name="rollTextSize" format="dimension"/>
        <!--动画时间,默认300-->
        <attr name="animateDuration" format="integer"/>
        <!--数字绘制宽度,默认2dp-->
        <attr name="textStrokeWidth" format="dimension"/>
        <!--字体是否加粗-->
        <attr name="isBold" format="boolean"/>
    </declare-styleable>
</resources>
