<?xml version="1.0" encoding="utf-8" standalone="no"?>
	<!--
		this file is built by arct
	-->
<resources xmlns:xliff="urn:oasis:names:tc:xliff:document:1.2">
    <string name="recommend_sohu_name">搜狐</string>
    <string name="recommend_sohu_icon">ic_browser_recommend_sohu</string>
    <string name="recommend_sohu_link">http://www.sohu.com/</string>

    <string name="recommend_jd_name">京东</string>
    <string name="recommend_jd_icon">ic_browser_recommend_jd</string>
    <string name="recommend_jd_link">https://www.jd.com/</string>

    <string name="recommend_xiecheng_name">携程</string>
    <string name="recommend_xiecheng_icon">ic_browser_recommend_xiecheng</string>
    <string name="recommend_xiecheng_link">http://www.ctrip.com/</string>

    <string name="recommend_tongcheng_name">58同城</string>
    <string name="recommend_tongcheng_icon">ic_browser_recommend_tongcheng</string>
    <string name="recommend_tongcheng_link">http://www.58.com/</string>

    <string name="recommend_tmall_name">天猫</string>
    <string name="recommend_tmall_icon">ic_browser_recommend_tmall</string>
    <string name="recommend_tmall_link">https://www.tmall.com</string>

</resources>