<?xml version="1.0" encoding="utf-8" standalone="no"?>
	<!--
		this file is built by arct
	-->
<resources xmlns:xliff="urn:oasis:names:tc:xliff:document:1.2">
    <string name="recommend_amazon_name">Amazon</string>
    <string name="recommend_amazon_icon">ic_browser_recommend_amazon</string>
    <string name="recommend_amazon_link">https://www.amazon.com/</string>

    <string name="recommend_google_name">Google</string>
    <string name="recommend_google_icon">ic_browser_recommend_google</string>
    <string name="recommend_google_link">https://www.google.com</string>

    <string name="recommend_facebook_name">Facebook</string>
    <string name="recommend_facebook_icon">ic_browser_recommend_facebook</string>
    <string name="recommend_facebook_link">https://www.facebook.com/</string>

    <string name="recommend_youtube_name">Youtube</string>
    <string name="recommend_youtube_icon">ic_browser_recommend_youtube</string>
    <string name="recommend_youtube_link">https://www.youtube.com/</string>

    <string name="recommend_wiki_name">Wiki</string>
    <string name="recommend_wiki_icon">ic_browser_recommend_wiki</string>
    <string name="recommend_wiki_link">https://www.wikipedia.org/</string>

    <string name="recommend_yahoo_name">Yahoo</string>
    <string name="recommend_yahoo_icon">ic_browser_recommend_yahoo</string>
    <string name="recommend_yahoo_link">https://www.yahoo.com/</string>

    <string name="recommend_twitter_name">Twitter</string>
    <string name="recommend_twitter_icon">ic_browser_recommend_twitter</string>
    <string name="recommend_twitter_link">https://www.twitter.com/</string>
</resources>