<?xml version="1.0" encoding="utf-8"?>
<!--
    Copyright (C) 2017 Tcl Corporation Limited
    Copyright (C) 2010 The Android Open Source Project Licensed under the
    Apache License, Version 2.0 (the "License"); you may not use this file
    except in compliance with the License. You may obtain a copy of the
    License at http://www.apache.org/licenses/LICENSE-2.0 Unless required by
    applicable law or agreed to in writing, software distributed under the
    License is distributed on an "AS IS" BASIS, WITHOUT WARRANTIES OR
    CONDITIONS OF ANY KIND, either express or implied. See the License for
    the specific language governing permissions and limitations under the
    License.
-->
<resources xmlns:xliff="urn:oasis:names:tc:xliff:document:1.2">
    <dimen name="tab_width">180dp</dimen>
    <dimen name="tab_overlap">8dp</dimen>
    <dimen name="tab_addoverlap">14dp</dimen>
    <dimen name="tab_slice">15.5dp</dimen>
    <dimen name="tab_focus_stroke">2dip</dimen>
    <dimen name="bookmarkThumbnailWidth">90dip</dimen>
    <dimen name="bookmarkThumbnailHeight">80dip</dimen>
    <!-- Height determined by measuring the TableLayout in
        browser_add_bookmark_content and matching that. -->
    <dimen name="favicon_size">16dip</dimen>
    <dimen name="favicon_padded_size">20dip</dimen>
    <dimen name="qc_radius_start">65dip</dimen>
    <dimen name="qc_radius_increment">80dip</dimen>
    <dimen name="qc_slop">10dip</dimen>
    <dimen name="qc_touch_offset">15dip</dimen>
    <dimen name="qc_tab_title_height">24dip</dimen>
    <dimen name="qc_thumb_width">150dip</dimen>
    <dimen name="qc_thumb_height">100dip</dimen>
    <dimen name="qc_item_size">40dip</dimen>
    <!-- For the most visited page (we use px as these are adjusted by the browser) -->
    <dimen name="tab_padding_top">12dp</dimen>
    <dimen name="tab_first_padding_left">12dp</dimen>
    <dimen name="list_favicon_padding">5dip</dimen>
    <dimen name="list_favicon_corner_radius">3dip</dimen>
    <dimen name="tab_favicon_corner_radius">2dip</dimen>
    <dimen name="widgetThumbnailHeight">94dip</dimen>
    <dimen name="widgetHorizontalSpacing">6dip</dimen>
    <dimen name="widgetVerticalSpacing">6dip</dimen>
    <dimen name="widgetColumnWidth">80dip</dimen>
    <!-- For the combined Bookmarks History view -->
    <dimen name="combo_paddingTop">0dip</dimen>
    <dimen name="combo_horizontalSpacing">6dip</dimen>
    <!-- Preference activity side margins -->
    <dimen name="preference_screen_side_margin">0dp</dimen>
    <!-- Preference activity side margins negative-->
    <dimen name="preference_screen_side_margin_negative">0dp</dimen>
    <!-- Preference widget area width (to the left of the text) -->
    <dimen name="preference_widget_width">56dp</dimen>
    <dimen name="preference_icon_minWidth">0dp</dimen>
    <dimen name="toolbar_height">48dip</dimen>
    <dimen name="tab_thumbnail_width">220dp</dimen>
    <dimen name="tab_thumbnail_height">284dp</dimen>
    <dimen name="nav_tab_width">236dp</dimen>
    <dimen name="nav_tab_height">330dp</dimen>
    <dimen name="nav_tab_titleheight">30dp</dimen>
    <dimen name="suggest_item_padding">8dp</dimen>

    <!-- settings_radio -->
    <!--history-->
    <dimen name="history_image_height">40dp</dimen>
    <dimen name="history_item_height">70dp</dimen>
    <dimen name="history_image_margin">16dp</dimen>
    <dimen name="history_text_sp">14sp</dimen>
    <dimen name="history_divider_height">1dp</dimen>
    <dimen name="history_divider_left_margin">72dp</dimen>
    <dimen name="history_url_height">14dp</dimen>
    <dimen name="history_url_sp">12sp</dimen>
    <dimen name="history_content_margin_right">70dp</dimen>
    <dimen name="history_close_button_size">48dp</dimen>
    <dimen name="history_clear_all_height">42dp</dimen>
    <dimen name="item_delete_margin">4dp</dimen>

    <dimen name="settings_list_height">60dp</dimen>
    <dimen name="settings_list_item_title_size">16sp</dimen>
    <dimen name="settings_list_item_summary_size">14sp</dimen>
    <dimen name="settings_seekbar_preference_height">100dp</dimen>
    <dimen name="settings_actionbar_height">56dp</dimen>
    <dimen name="settings_actionbar_img_padding">16dp</dimen>
    <dimen name="settings_actionbar_title_leftpadding">8dp</dimen>
    <dimen name="settings_actionbar_title_size">16sp</dimen>

    <dimen name="history_padding_top">20dp</dimen>

    <dimen name="browser_switch_thumb_wh">23dp</dimen>
    <dimen name="browser_switch_thumb_shadow_start_padding">-1.5dp</dimen>
    <dimen name="browser_switch_thumb_shadow_end_padding">-2dp</dimen>

    <!--size of RoundProgressBar text-->
    <!--size of RoundProgressBar border width-->
    <dimen name="rounded_progress_border_width">5dp</dimen>

    <dimen name="bottom_menu_item_height">90dp</dimen>
    <dimen name="bottom_menu_item_text_size">12sp</dimen>

    <!--dailog -->
    <dimen name="dialog_width">280dp</dimen>
    <dimen name="dialog_horizontal_padding">24dp</dimen>
    <dimen name="dialog_content_padding_top">12dp</dimen>
    <dimen name="dialog_content_padding_bottom">15dp</dimen>

    <dimen name="dialog_title_size">20sp</dimen>
    <dimen name="dialog_bottom_layout_height">52dp</dimen>
    <dimen name="dialog_button_size">12sp</dimen>
    <dimen name="dialog_button_horizontal_padding">12dp</dimen>
    <dimen name="dialog_button_right_padding">24dp</dimen>

    <dimen name="dialog_three_button_horizontal_padding">5dp</dimen>
    <dimen name="dialog_three_button_right_padding">19dp</dimen>
    <dimen name="dialog_three_button_bottom_padding">16dp</dimen>
    <dimen name="dialog_list_item_height">60dp</dimen>
    <dimen name="dialog_item_text_size">16sp</dimen>
    <dimen name="most_visited_pager_line_hight">1dp</dimen>
    <dimen name="browser_info_image_item">24dp</dimen>
    <dimen name="browser_info_item">72dp</dimen>
    <dimen name="browser_info_title">16sp</dimen>
    <dimen name="browser_info_url">14sp</dimen>
    <dimen name="browser_info_image_gap">20dp</dimen>
    <dimen name="input_word_iamge_gap">10dp</dimen>
    <dimen name="browser_info_gap_end">50dp</dimen>
    <dimen name="browser_info_text_height">24dp</dimen>
    <dimen name="browser_TabPageIndicator_height">48dp</dimen>
    <dimen name="search_engine_height">44dp</dimen>

    <dimen name="browser_info_empty_top">20dp</dimen>
    <dimen name="browser_info_empty_bottom">30dp</dimen>
    <dimen name="most_visited_pop_card">5dp</dimen>
    <dimen name="most_visited_pop_width">128dp</dimen>

    <dimen name="file_picker_default_loaction_text_height">44dp</dimen>
    <dimen name="file_picker_item_height">72dp</dimen>
    <dimen name="file_picker_item_horizontal_padding">16dp</dimen>
    <dimen name="file_picker_item_text_left_padding">10dp</dimen>
    <dimen name="file_picker_item_title_size">16sp</dimen>
    <dimen name="file_picker_item_desc_size">14sp</dimen>

    <dimen name="text_size_preference_webbview_height">220dp</dimen>

    <dimen name="history_icon_width">24dp</dimen>
    <dimen name="history_title_size">16sp</dimen>
    <dimen name="history_url_size">14sp</dimen>
    <dimen name="history_text_hight">24dp</dimen>
    <dimen name="history_icon_title_gap">18dp</dimen>
    <dimen name="history_icon_left">16dp</dimen>

    <dimen name="bottom_toolbar_height">48dp</dimen>
    <dimen name="empty_history_icon_height">82dp</dimen>
    <dimen name="progress_bar_height">2dp</dimen>

    <!--首页文字大小修改-->
    <dimen name="progress_text_size_height">48dp</dimen>
    <dimen name="progress_text_size_horizontal_padding">16dp</dimen>
    <dimen name="progress_text_size_seekbar_horizontal_padding">6dp</dimen>
    <dimen name="progress_text_size_text_width">40dp</dimen>
    <dimen name="progress_text_size_text_size">14sp</dimen>
    <dimen name="progress_text_size_seekbar_thumb_wh">30dp</dimen>
    <dimen name="progress_text_size_seekbar_thumb_padding">8dp</dimen>

    <dimen name="scroll_thumb_bar_height">37dp</dimen>
    <dimen name="scroll_thumb_bar_width">26dp</dimen>
    <dimen name="viewpager_indicator_image_margin">5dp</dimen>
    <dimen name="center_offset">20dp</dimen>
    <dimen name="clear_incognito_tabs_height">58dp</dimen>
    <dimen name="clear_tabs_top">24dp</dimen>
    <dimen name="tab_mode_bottom">30dp</dimen>
    <dimen name="tab_mode_switch_height">58dp</dimen>
    <dimen name="homepage_indicator_margin_bottom">4dp</dimen>
    <dimen name="search_engine_middle_line_height">6dp</dimen>

    <dimen name="context_menu_dialog_maxwidth">200dp</dimen>
    <dimen name="context_menu_dialog_divider_height">1dp</dimen>
    <dimen name="context_menu_dialog_margin_left_right">24dp</dimen>
    <dimen name="context_menu_dialog_margin_top_btm">15dp</dimen>
    <dimen name="context_menu_dialog_text_size">14sp</dimen>
    <dimen name="context_menu_dialog_width">160dp</dimen>
    <dimen name="select_search_engine_width">50dp</dimen>
    <dimen name="select_search_engine_padding">12dp</dimen>

    <dimen name="show_location">20dp</dimen>
    <dimen name="download_toast_size">14sp</dimen>
    <dimen name="context_menu_dialog_splitscreen_max_height">160dp</dimen>
    <dimen name="splitscreen_divider_width">30dp</dimen>
    <dimen name="clipboard_padding">10dp</dimen>

</resources>
