<?xml version="1.0" encoding="utf-8"?>
<resources>
    <dimen name="dp36">36dp</dimen>
    <dimen name="del_all_history_btn_padding">9dp</dimen>
    <dimen name="dp16">16dp</dimen>
    <dimen name="dp9">9dp</dimen>
    <dimen name="sp14">14sp</dimen>
    <dimen name="dp28">28dp</dimen>
    <dimen name="dp26">26dp</dimen>
    <dimen name="px1">1px</dimen>
    <dimen name="dp10">10dp</dimen>
    <dimen name="dp30">30dp</dimen>
    <dimen name="dp7">7dp</dimen>
    <dimen name="dp12">12dp</dimen>
    <dimen name="dp42">42dp</dimen>
    <dimen name="dp64">64dp</dimen>
    <dimen name="dp100">100dip</dimen>
    <dimen name="dp22">22dp</dimen>
    <dimen name="sp16">16sp</dimen>
    <dimen name="sp18">18sp</dimen>
    <dimen name="dp32">32dp</dimen>
    <dimen name="dp29">29dp</dimen>
    <dimen name="dp15">15dp</dimen>
    <dimen name="dp200">200dp</dimen>
    <dimen name="dp138">138dp</dimen>
    <dimen name="dp141">141dp</dimen>
    <dimen name="dp18">18dp</dimen>
    <dimen name="dp6">6dp</dimen>
    <dimen name="dp252">252dp</dimen>
    <dimen name="sp12">12sp</dimen>
    <dimen name="dp204">204dp</dimen>
    <dimen name="dp20">20dp</dimen>
    <dimen name="dp1">1dp</dimen>
    <dimen name="dp2">2dp</dimen>
    <dimen name="dp3">3dp</dimen>
    <dimen name="dp4">4dp</dimen>
    <dimen name="dp5">5dp</dimen>
    <dimen name="dp8">8dp</dimen>
    <dimen name="dp14">14dp</dimen>
    <dimen name="dp24">24dp</dimen>
    <dimen name="dp48">48dp</dimen>
    <dimen name="dp44">44dp</dimen>
    <dimen name="dp56">56dp</dimen>
    <dimen name="dp54">54dp</dimen>
    <dimen name="dp78">78dp</dimen>
    <dimen name="dp70">70dp</dimen>
    <dimen name="dp72">72dp</dimen>
    <dimen name="dp80">80dp</dimen>
    <dimen name="dp103">103dp</dimen>
    <dimen name="dp242">242dp</dimen>
    <dimen name="dp23">23dp</dimen>
    <dimen name="dp128">128dp</dimen>
    <dimen name="dp300">300dp</dimen>
    <dimen name="dp76">76dp</dimen>
    <dimen name="dp74">74dp</dimen>
    <dimen name="dp13">13dp</dimen>
    <dimen name="dp98">98dp</dimen>
    <dimen name="dp256">256dp</dimen>
    <dimen name="sp20">20sp</dimen>
    <dimen name="dp17">17dp</dimen>
    <dimen name="dp66">66dp</dimen>
    <dimen name="dp47">47dp</dimen>
    <dimen name="dp11">11dp</dimen>
    <dimen name="dp220">220dp</dimen>
    <dimen name="dp60">60dp</dimen>
    <dimen name="dp144">144dp</dimen>
    <dimen name="dp182">182dp</dimen>
    <dimen name="dp163">163dp</dimen>
    <dimen name="dp99">99dp</dimen>
    <dimen name="dp320">320dp</dimen>
    <dimen name="dp114">114dp</dimen>
    <dimen name="dp145">145dp</dimen>
    <dimen name="dp46">46dp</dimen>
    <dimen name="dp41">41dp</dimen>
    <dimen name="dp280">280dp</dimen>
    <dimen name="dp416">416dp</dimen>
    <dimen name="dp270">270dp</dimen>
    <dimen name="dp146">146dp</dimen>
    <dimen name="dp40">40dp</dimen>
    <dimen name="dp84">84dp</dimen>
    <dimen name="dp19">19dp</dimen>
    <dimen name="dp176">176dp</dimen>
    <dimen name="dp340">340dp</dimen>
    <dimen name="dp38">38dp</dimen>
    <dimen name="dp35">35dp</dimen>
    <dimen name="dp170">170dp</dimen>
    <dimen name="dp50">50dp</dimen>
    <dimen name="dp290">290dp</dimen>
    <dimen name="dp237">237dp</dimen>
    <dimen name="dp52">52dp</dimen>
    <dimen name="dp33">33dp</dimen>
    <dimen name="dp90">90dp</dimen>
    <dimen name="dp116">116dp</dimen>
    <dimen name="dp185">185dp</dimen>
    <dimen name="dp59">59dp</dimen>
    <dimen name="dp21">21dp</dimen>
    <dimen name="dp96">96dp</dimen>
    <dimen name="dp125">125dp</dimen>
    <dimen name="dp159">159dp</dimen>
    <dimen name="dp323">323dp</dimen>
    <dimen name="dp31">31dp</dimen>
    <dimen name="dp73">73dp</dimen>
    <dimen name="dp150">150dp</dimen>
    <dimen name="dp153">153dp</dimen>
    <dimen name="dp183">183dp</dimen>
    <dimen name="dp148">148dp</dimen>
    <dimen name="boostengine_rocket_fire_size">30dp</dimen>
    <dimen name="boostengine_rocket_fire_margin_bottom">20dp</dimen>
    <dimen name="boostengine_rocket_translationY">100dp</dimen>
    <dimen name="boostengine_rocket_stop_button_width">100dp</dimen>
    <dimen name="boostengine_rocket_stop_button_height">35dp</dimen>
    <dimen name="boostengine_rocket_stop_button_margin_bottom">40dp</dimen>
    <dimen name="boostengine_rocket_circle_view_margin_top">15dp</dimen>
    <dimen name="boostengine_cloud_height">200dp</dimen>
    <dimen name="boostengine_rocket_size">200dp</dimen>
    <dimen name="result_antivirus_head_item_des_textsize_start">18sp</dimen>
    <dimen name="result_antivirus_head_item_image_width">155dp</dimen>
    <dimen name="result_clean_result_head_item_image_margintop">85dp</dimen>
    <dimen name="result_clean_result_head_item_lay_des_margintop">74dp</dimen>
    <dimen name="result_antivirus_head_item_title_textsize_start">36sp</dimen>
    <dimen name="result_antivirus_head_item_des_margintop_start">15dp</dimen>
    <dimen name="result_antivirus_head_item_des_margintop_end">4.5dp</dimen>
    <dimen name="dp51">51dp</dimen>
    <dimen name="dp240">240dp</dimen>
    <dimen name="dp75">75dp</dimen>


</resources>