<?xml version="1.0" encoding="utf-8"?>
<!-- Copyright (C) 2017 Tcl Corporation Limited
/*
 *
 * Copyright 2006,2007,2008 The Android Open Source Project
 *
 * Licensed under the Apache License, Version 2.0 (the "License");
 * you may not use this file except in compliance with the License.
 * You may obtain a copy of the License at
 *
 *     http://www.apache.org/licenses/LICENSE-2.0
 *
 * Unless required by applicable law or agreed to in writing, software
 * distributed under the License is distributed on an "AS IS" BASIS,
 * WITHOUT WARRANTIES OR CONDITIONS OF ANY KIND, either express or implied.
 * See the License for the specific language governing permissions and
 * limitations under the License.
 */
-->
<resources>

    <style name="BrowserTheme" parent="Theme.AppCompat.Light">
        <item name="android:windowBackground">@null</item>
        <item name="android:colorBackgroundCacheHint">@null</item>
        <item name="android:windowIsTranslucent">true</item>
        <item name="android:windowActionBar">false</item>
        <item name="android:windowNoTitle">true</item>
        <item name="android:windowActionModeOverlay">true</item>
        <item name="android:actionBarStyle">@style/ActionBarStyle</item>
        <item name="android:drawSelectorOnTop">true</item>
    </style>

    <style name="BrowserThemeNoActionBar" parent="Theme.AppCompat.Light.DarkActionBar">
        <item name="android:windowTranslucentStatus">true</item>
        <item name="android:windowTranslucentNavigation">true</item>
        <item name="colorPrimary">@color/white</item>
        <item name="colorPrimaryDark">@color/white</item>
        <item name="android:textColorHint">@color/white</item>
        <item name="android:windowBackground">@color/white</item>



    </style>
    <style name="TransBrowserTheme" parent="BrowserTheme">
        <item name="android:windowDisablePreview">true</item>
        <item name="android:windowNoTitle">true</item>
        <item name="android:windowBackground">@null</item>
    </style>
    <style name="DialogWhenLarge" parent="@android:style/Theme.Holo.DialogWhenLarge">
        <item name="android:windowActionBar">false</item>
        <item name="android:actionBarSize">56dip</item>
    </style>

    <style name="ActionBarStyle" parent="@android:style/Widget.Holo.ActionBar">
        <item name="android:background">@drawable/bg_urlbar</item>
        <item name="android:displayOptions"></item>
    </style>

    <style name="Suggestions" parent="@android:style/Widget.Holo.AutoCompleteTextView">
        <item name="android:popupBackground">#D0000000</item>
        <item name="android:dropDownVerticalOffset">0dip</item>
    </style>

    <style name="SuggestionLineMedium" parent="@android:style/TextAppearance.Holo.Medium">
        <item name="android:textSize">16sp</item>
    </style>

    <style name="SuggestionLineSmall" parent="@android:style/TextAppearance.Holo.Small">
        <item name="android:textSize">12sp</item>
    </style>

    <style name="ShortcutTheme" parent="@style/BrowserBase">
        <item name="android:actionBarStyle">
            @android:style/Widget.Holo.Light.ActionBar.Solid.Inverse
        </item>
    </style>

    <style name="HoloIcon">
        <item name="android:layout_marginLeft">16dip</item>
    </style>

    <style name="HoloButton">
        <item name="android:background">?android:attr/selectableItemBackground</item>
        <item name="android:paddingLeft">8dip</item>
        <item name="android:paddingRight">8dip</item>
    </style>

    <style name="TabTitleSelected" parent="@android:style/TextAppearance.Small">
        <item name="android:textColor">?android:attr/textColorPrimary</item>
        <item name="android:textStyle">bold</item>
    </style>

    <style name="TabTitleUnselected" parent="@android:style/TextAppearance.Small">
        <item name="android:textColor">?android:attr/textColorSecondary</item>
        <item name="android:textStyle">normal</item>
    </style>


    <style name="bot_pop_anim">
        <item name="android:windowEnterAnimation">@anim/fade_in</item>
        <item name="android:windowExitAnimation">@anim/fade_out</item>
    </style>

    <style name="mprogress_circle">
        <item name="android:indeterminateDrawable">@drawable/progressbar_circle_drawable</item>
        <item name="android:minWidth">15dp</item>
        <item name="android:minHeight">15dp</item>
        <item name="android:maxWidth">100dp</item>
        <item name="android:maxHeight">100dp</item>
    </style>

    <style name="SwitchButtonStyle">
        <item name="android:paddingLeft">10dp</item>
        <item name="android:paddingRight">10dp</item>
        <item name="android:paddingTop">4dp</item>
        <item name="android:paddingBottom">4dp</item>
    </style>

    <style name="popup_push_bottom" parent="@android:style/Animation.Dialog">
        <item name="android:windowEnterAnimation">@anim/push_bottom_in</item>
        <item name="android:windowExitAnimation">@anim/push_bottom_out</item>
    </style>

    <style name="popdown_push_bottom" parent="@android:style/Animation.Dialog">
        <item name="android:windowEnterAnimation">@anim/push_bottom_out</item>
        <item name="android:windowExitAnimation">@anim/push_bottom_in</item>
    </style>

    <style name="popwindow_push_bottom" parent="@android:style/Animation.Dialog">
        <item name="android:windowEnterAnimation">@anim/pop_bottom_in</item>
        <item name="android:windowExitAnimation">@anim/pop_bottom_out</item>
    </style>


    <style name="dialog" parent="@android:style/Theme.Dialog">
        <item name="android:windowFrame">@null</item><!--边框-->
        <item name="android:windowIsFloating">true</item><!--是否浮现在activity之上-->
        <item name="android:windowIsTranslucent">false</item><!--半透明-->
        <item name="android:windowNoTitle">true</item><!--无标题-->
        <item name="android:windowBackground">@color/transparent</item><!--背景透明-->
        <item name="android:backgroundDimEnabled">true</item><!--模糊-->
    </style>
    <style name="tost_dialog" parent="dialog">
        <item name="android:layout_marginEnd">0dp</item>
        <item name="android:layout_marginStart">0dp</item>
        <item name="android:windowIsTranslucent">true</item>
        <item name="android:backgroundDimEnabled">false</item><!--模糊-->
    </style>
    <declare-styleable name="RoundedProgressBar">
        <attr name="backColor" format="color|reference"/>
        <attr name="frontColor" format="color|reference"/>
        <attr name="textColor" format="color|reference"/>
        <attr name="textSize" format="dimension"/>
        <attr name="borderWidth" format="dimension"/>
        <attr name="mode">
            <enum name="STROKE" value="0"/>
            <enum name="STROKE_TEXT" value="1"/>
            <enum name="FILL" value="2"/>
        </attr>
    </declare-styleable>

    <style name="CommentDialog" parent="@android:style/Theme.Dialog">
        <item name="android:windowBackground">@android:color/transparent</item>
        <item name="android:windowNoTitle">true</item>
        <item name="android:windowIsFloating">true</item>
        <item name="android:windowContentOverlay">@null</item>
        <item name="android:windowFrame">@null</item>
        <item name="android:windowIsTranslucent">true</item>
        <item name="android:backgroundDimEnabled">true</item>
        <item name="android:background">@android:color/transparent</item>
    </style>

    <style name="progress_text_size_style">
        <item name="android:windowExitAnimation">@anim/fade_out</item>
    </style>

    <style name="select_engine_popwindow" mce_bogus="1" parent="android:Animation">
        <item name="android:windowEnterAnimation">@anim/select_engine_popwindow_enter</item>
        <item name="android:windowExitAnimation">@anim/select_engine_popwindow_exit</item>
    </style>

    <style name="select_engine_popwindow_arab" mce_bogus="1" parent="android:Animation">
        <item name="android:windowEnterAnimation">@anim/select_engine_popwindow_enter_arab</item>
        <item name="android:windowExitAnimation">@anim/select_engine_popwindow_exit_arab</item>
    </style>

    <style name="url_input_prompt_popwindow" mce_bogus="1" parent="android:Animation">
        <item name="android:windowEnterAnimation">@anim/url_input_prompt_popwindow_enter</item>
        <item name="android:windowExitAnimation">@anim/url_input_prompt_popwindow_exit</item>
    </style>

    <style name="clipboard_popwindow" mce_bogus="1" parent="android:Animation">
        <item name="android:windowEnterAnimation">@anim/clipboard_popwindow_enter</item>
        <item name="android:windowExitAnimation">@anim/clipboard_popwindow_exit</item>
    </style>

    <style name="BrowserDialog" parent="@android:style/Theme.Dialog">
        <item name="android:windowFrame">@null</item>
        <item name="android:windowNoTitle">true</item>
        <item name="android:windowIsFloating">true</item>
        <item name="android:windowBackground">@android:color/transparent</item>
    </style>

    <style name="BrowserFullScreenDialog" parent="@style/BrowserDialog">
        <item name="android:windowBackground">@color/white</item>
        <item name="android:backgroundDimEnabled">false</item>
    </style>

    <style name="video_bottom_dialog_style" parent="android:Animation">

    </style>

    <style name="popwin_anim_style">
        <item name="android:windowEnterAnimation">@anim/popwin_in</item>
    </style>

    <style name="BottomDialog" parent="@style/Base.V7.Theme.AppCompat.Light.Dialog">
        <item name="android:windowNoTitle">true</item>
        <item name="android:windowBackground">@android:color/white</item>
    </style>
    <style name="ClickToast" parent="@android:style/Animation.Toast">
        <item name="android:windowEnterAnimation">@anim/anim_clicktoast_in</item>
        <item name="android:windowExitAnimation">@anim/anim_clicktoast_out</item>
    </style>
    <style name="boost_splashTheme" parent="@style/Theme.AppCompat.Light.NoActionBar">
        <item name="android:windowBackground">@color/boostengine_main_top_color</item>
        <item name="android:windowNoTitle">true</item>
        <item name="android:windowActionBar">false</item>
        <item name="android:windowFullscreen">false</item>
        <item name="android:windowContentOverlay">@null</item>
        <item name="android:windowTranslucentStatus">true</item>
    </style>

    <style name="ShortCutDialogStyle">
        <item name="android:windowBackground">@android:color/transparent</item>
        <item name="android:windowFrame">@null</item>
        <item name="android:windowNoTitle">true</item>　　　　　　　　
        <item name="android:windowIsFloating">true</item>
        <item name="android:windowIsTranslucent">true</item>
        <item name="android:windowContentOverlay">@null</item>
        <item name="android:windowAnimationStyle">@android:style/Animation.Dialog</item>
        <item name="android:backgroundDimEnabled">true</item>
    </style>

    <style name="transparentDialog" parent="@android:style/Theme.Dialog">
        <item name="android:windowFrame">@null</item>
        <item name="android:windowIsFloating">true</item>
        <item name="android:windowIsTranslucent">false</item>
        <item name="android:windowNoTitle">true</item>
        <item name="android:windowBackground">@android:color/transparent</item>
        <item name="android:backgroundDimEnabled">true</item>
        <item name="android:backgroundDimAmount">0.5</item>
    </style>



    <style name="AnimBottom" parent="@android:style/Animation">
        <item name="android:windowEnterAnimation">@anim/push_bottom_in</item>
        <item name="android:windowExitAnimation">@anim/push_bottom_out</item>
    </style>

</resources>
